candidate,period,horizon,n,exceedances,mae,rmse,median_ae,bias,point_recall,point_precision,point_fpr,brier,brier_skill,auc,prob_recall,prob_precision,prob_fpr,alarms,interval80_coverage,level_substituted_fraction
v4r,2024,0,341,32,1.1388347759227042,2.3323188298837234,0.6524915982281776,0.15095277967569873,0.5,0.45714285714285713,0.061488673139158574,0.08556559691982593,-0.006235151237285574,0.8112864077669902,0.65625,0.38181818181818183,0.11003236245954692,55.0,0.6656891495601173,
naive_previous_lab,2024,0,341,32,1.7369501450893816,2.499765398283041,1.299999713897705,-0.009677426206750975,0.1875,0.1935483870967742,0.08090614886731391,,,,,,,,,0.0
anchored_q21,2024,0,341,32,1.1871268301182594,2.5140831184721106,0.702671885490421,0.1444811918285703,0.5,0.43243243243243246,0.06796116504854369,,,,,,,,,0.0
anchored_pak,2024,0,341,32,1.366688455923853,1.9057145984690227,1.0164126157760602,-0.1451232248838929,0.28125,0.4090909090909091,0.042071197411003236,,,,,,,,,0.05571847507331378
v3_saved,2024,0,341,32,1.09549008307409,2.0128477330765624,0.6804344908907467,0.14151234306095695,0.3125,0.4,0.04854368932038835,0.08423332698336651,0.00943208991172717,0.7874190938511327,0.65625,0.3387096774193548,0.13268608414239483,62.0,,
v3_refit,2024,0,341,32,1.1043105720738007,2.049530570178821,0.6705054484771766,0.14350316856462997,0.3125,0.4,0.04854368932038835,0.08661318914739889,-0.018554636655409684,0.7979874595469255,0.5625,0.33962264150943394,0.11326860841423948,53.0,0.6950146627565983,
hgb_fixed,2024,0,341,32,1.1178856298420337,1.6839390825347693,0.7952489106826803,0.3819329911109884,0.34375,0.4230769230769231,0.04854368932038835,0.10630926976163113,-0.2501767998738098,0.7793284789644013,0.75,0.24489795918367346,0.23948220064724918,98.0,0.6041055718475073,
v4r,2024,60,342,31,1.1216106036669602,1.8088746266041138,0.7407769569737028,0.1619341827316369,0.25806451612903225,0.4,0.03858520900321544,0.08647764006308392,-0.04914123974054019,0.7383051550669018,0.45161290322580644,0.2641509433962264,0.12540192926045016,53.0,0.7397660818713451,
naive_previous_lab,2024,60,342,31,1.66988303995969,2.3363827361731047,1.25000023841858,-0.006725147453665046,0.1935483870967742,0.20689655172413793,0.07395498392282958,,,,,,,,,0.0
anchored_q21,2024,60,342,31,1.4481160279951597,2.629666206862719,0.9300955931345616,0.16126946950981266,0.3225806451612903,0.25,0.09646302250803858,,,,,,,,,0.0029239766081871343
anchored_pak,2024,60,342,31,1.2416412718666692,1.9063854818041979,0.8646291295687352,-0.12273179337411365,0.2903225806451613,0.3333333333333333,0.05787781350482315,,,,,,,,,0.05555555555555555
v3_saved,2024,60,342,31,1.1920125181775394,1.7984014085045135,0.8232738132094344,0.3406815369964438,0.16129032258064516,0.2777777777777778,0.04180064308681672,0.09080926857706904,-0.10169228190522817,0.7286588528160979,0.41935483870967744,0.25,0.12540192926045016,52.0,,
v3_refit,2024,60,342,31,1.1748825872813566,1.7831631608294662,0.787854365762664,0.3172177909150874,0.16129032258064516,0.29411764705882354,0.03858520900321544,0.09125915874917763,-0.10715032091471977,0.73239290530028,0.41935483870967744,0.29545454545454547,0.09967845659163987,44.0,0.7543859649122807,
hgb_fixed,2024,60,342,31,1.1298372000084154,1.615490840960733,0.7936020912252384,0.2995101083238651,0.25806451612903225,0.38095238095238093,0.04180064308681672,0.1040787798714508,-0.26267715059479024,0.7460325692355565,0.6129032258064516,0.20430107526881722,0.2379421221864952,93.0,0.6812865497076024,
v4r,2024,120,344,28,1.1631754494284001,1.6498228778041826,0.8090295868742672,0.18996123542015297,0.10714285714285714,0.23076923076923078,0.03164556962025317,0.07625552561517611,-0.019865944755592224,0.7171112115732369,0.25,0.28,0.056962025316455694,25.0,0.7732558139534884,
naive_previous_lab,2024,120,344,28,1.6459302354690641,2.2879995558659254,1.25000023841858,0.003488369459329634,0.17857142857142858,0.1724137931034483,0.0759493670886076,,,,,,,,,0.0
anchored_q21,2024,120,344,28,1.4714186456083327,2.2091053323685723,1.0530442992846183,0.22405202351799308,0.42857142857142855,0.27906976744186046,0.0981012658227848,,,,,,,,,0.0029069767441860465
anchored_pak,2024,120,344,28,1.343695120566052,1.8862629785275424,1.0552519361178065,-0.13778786646886268,0.32142857142857145,0.32142857142857145,0.060126582278481014,,,,,,,,,0.05813953488372093
v3_saved,2024,120,344,28,1.2939660731683473,1.8307631626404106,0.9660864412357144,0.4997073959264868,0.10714285714285714,0.3,0.022151898734177215,0.08203221307117131,-0.09712522219599085,0.6940551537070524,0.5,0.2692307692307692,0.12025316455696203,52.0,,
v3_refit,2024,120,344,28,1.3017031502494214,1.8312179917956735,0.9889703197356496,0.5330164321197848,0.10714285714285714,0.3,0.022151898734177215,0.08611244355891964,-0.1516955380863827,0.6960895117540687,0.5,0.2641509433962264,0.12341772151898735,53.0,0.7122093023255814,
hgb_fixed,2024,120,344,28,1.3366277603566796,1.7709133836210105,1.0017889675993996,0.5227297394247277,0.25,0.35,0.04113924050632911,0.12202705816464503,-0.6320291540428835,0.6629746835443038,0.5357142857142857,0.11538461538461539,0.3639240506329114,130.0,0.6337209302325582,
v4r,2024,180,339,27,1.3064527915740256,1.895409409651292,0.9027742752719536,0.5159123321719697,0.037037037037037035,1.0,0.0,0.07300861480048532,0.004009612833977161,0.6847103513770181,0.037037037037037035,0.1111111111111111,0.02564102564102564,9.0,0.7551622418879056,
naive_previous_lab,2024,180,339,27,1.7471976470103305,2.974319808494234,1.200000286102295,0.1041297989960617,0.18518518518518517,0.19230769230769232,0.0673076923076923,,,,,,,,,0.0
anchored_q21,2024,180,339,27,1.5791507066175299,2.431628214813393,1.1358868281046535,0.17123220170845338,0.2962962962962963,0.21621621621621623,0.09294871794871795,,,,,,,,,0.0029498525073746312
anchored_pak,2024,180,339,27,1.5032012092527425,2.1443920683851743,1.0826344490051252,0.010813209308346025,0.2222222222222222,0.23076923076923078,0.0641025641025641,,,,,,,,,0.061946902654867256
v3_saved,2024,180,339,27,1.4372419726979175,2.0012830174904153,1.044196976151234,0.6967094044397082,0.037037037037037035,0.3333333333333333,0.00641025641025641,0.08231157104569875,-0.12290219090013643,0.6401946818613485,0.14814814814814814,0.17391304347826086,0.060897435897435896,23.0,,
v3_refit,2024,180,339,27,1.4878045785267673,2.068296708598192,1.0982124537709161,0.7191347608824759,0.037037037037037035,0.125,0.022435897435897436,0.1071665233737097,-0.4619757873492518,0.6241690408357075,0.25925925925925924,0.11666666666666667,0.16987179487179488,60.0,0.6902654867256637,
hgb_fixed,2024,180,339,27,1.4063207804674207,1.9730085911849677,1.0546476837704883,0.44910577750181757,0.1111111111111111,0.1875,0.041666666666666664,0.12205690177192209,-0.6651117294077711,0.6296296296296297,0.48148148148148145,0.12264150943396226,0.2980769230769231,106.0,0.6902654867256637,
v4r,2025,0,407,72,1.0680855296033578,2.0794715959204253,0.5974306672947005,0.051169508547280605,0.4583333333333333,0.5789473684210527,0.07164179104477612,0.13210653065620487,0.0927315631563147,0.7562189054726368,0.6666666666666666,0.375,0.23880597014925373,128.0,0.7960687960687961,
naive_previous_lab,2025,0,407,72,1.6850122216292622,2.7555705525681393,1.1999998092651367,0.012776406449826389,0.2638888888888889,0.2714285714285714,0.15223880597014924,,,,,,,,,0.002457002457002457
anchored_q21,2025,0,407,72,1.1200367933311588,2.318298515618508,0.6138390501340227,0.03681257974896444,0.4583333333333333,0.5409836065573771,0.08358208955223881,,,,,,,,,0.007371007371007371
anchored_pak,2025,0,407,72,1.145264955791267,1.8753560202194308,0.7451473474502563,-0.10980727206869859,0.3333333333333333,0.47058823529411764,0.08059701492537313,,,,,,,,,0.009828009828009828
v3_saved,2025,0,407,72,1.0741715862751564,1.889715699023568,0.7005571489798283,-0.12500831428240572,0.2361111111111111,0.53125,0.04477611940298507,0.1270349908415877,0.12756139312113723,0.7540422885572139,0.5277777777777778,0.4175824175824176,0.1582089552238806,91.0,,
v3_refit,2025,0,407,72,1.094304573554511,1.8824372995954097,0.7263066836819378,-0.1611649749153476,0.25,0.5454545454545454,0.04477611940298507,0.12804398700565817,0.12063190698589221,0.7520315091210613,0.5277777777777778,0.4367816091954023,0.14626865671641792,87.0,0.773955773955774,
hgb_fixed,2025,0,407,72,1.0258737682178,1.7332443730903127,0.6763205720663024,-0.26526345427580356,0.2222222222222222,0.6666666666666666,0.023880597014925373,0.12390143783716352,0.1490817049631713,0.7479684908789387,0.4305555555555556,0.5535714285714286,0.07462686567164178,56.0,0.7813267813267813,
v4r,2025,60,409,72,1.1730924774608193,1.820545243270593,0.7660373587253346,-0.05523194630086023,0.18055555555555555,0.35135135135135137,0.0712166172106825,0.1416266892185786,0.02359651338719726,0.6932492581602374,0.4722222222222222,0.3953488372093023,0.1543026706231454,86.0,0.7775061124694377,
naive_previous_lab,2025,60,409,72,1.6633251255473764,2.729388111471886,1.1999998092651367,0.002200482818491584,0.2638888888888889,0.2753623188405797,0.14836795252225518,,,,,,,,,0.0024449877750611247
anchored_q21,2025,60,409,72,1.4157300693481651,2.4626312057006032,0.869376659393307,0.02148177770452966,0.2916666666666667,0.3442622950819672,0.11869436201780416,,,,,,,,,0.012224938875305624
anchored_pak,2025,60,409,72,1.2127956308867742,1.98813786373874,0.769918004671732,-0.12224786424403669,0.2916666666666667,0.4117647058823529,0.08902077151335312,,,,,,,,,0.009779951100244499
v3_saved,2025,60,409,72,1.1638925840546643,1.783974069747938,0.88030576103478,-0.2475050954075308,0.1111111111111111,0.5,0.02373887240356083,0.1361367739136598,0.061445117167370444,0.7086630398944939,0.3472222222222222,0.3968253968253968,0.11275964391691394,63.0,,
v3_refit,2025,60,409,72,1.2081831345441278,1.8146183687040398,0.8796109415913325,-0.29631263380046985,0.09722222222222222,0.4666666666666667,0.02373887240356083,0.13840966103609287,0.04577536647796532,0.6864490603363007,0.19444444444444445,0.42424242424242425,0.05637982195845697,33.0,0.7457212713936431,
hgb_fixed,2025,60,409,72,1.1406724965384232,1.7505008279431007,0.8211935012116118,-0.24380898723844066,0.08333333333333333,0.5,0.017804154302670624,0.13594490736046666,0.06276788459585303,0.688921859545005,0.2916666666666667,0.3684210526315789,0.10682492581602374,57.0,0.80440097799511,
v4r,2025,120,410,72,1.257518075706719,1.8574414822217098,0.921138816310938,-0.21823861403051173,0.1527777777777778,0.5238095238095238,0.029585798816568046,0.1423414691458326,0.01678168296291671,0.6450731426692965,0.2361111111111111,0.3617021276595745,0.08875739644970414,47.0,0.7658536585365854,
naive_previous_lab,2025,120,410,72,1.6004877555661086,2.2746642335886564,1.1999998092651367,-0.06878048675816231,0.25,0.26865671641791045,0.14497041420118342,,,,,,,,,0.0024390243902439024
anchored_q21,2025,120,410,72,1.6267440027822326,2.6587445353752646,1.0920533736546822,0.07367666266798002,0.2638888888888889,0.2714285714285714,0.15088757396449703,,,,,,,,,0.014634146341463415
anchored_pak,2025,120,410,72,1.3448245297117931,2.004308442847508,0.9384092291196189,-0.058806477281136436,0.2638888888888889,0.3333333333333333,0.11242603550295859,,,,,,,,,0.012195121951219513
v3_saved,2025,120,410,72,1.2806451644330448,1.841048914102819,0.9568960721532225,-0.22693399269647227,0.08333333333333333,0.6,0.011834319526627219,0.14137226920372567,0.023476394923311772,0.6194526627218935,0.2638888888888889,0.3064516129032258,0.12721893491124261,62.0,,
v3_refit,2025,120,410,72,1.2980316988815241,1.8504955913142676,0.9687252267612418,-0.2603783098241664,0.09722222222222222,0.7777777777777778,0.005917159763313609,0.14086293698607608,0.026994587961892358,0.6212401380670611,0.1527777777777778,0.44,0.04142011834319527,25.0,0.7609756097560976,
hgb_fixed,2025,120,410,72,1.2436153091788733,1.8306023351153855,0.8924642911925149,-0.4211957960919127,0.06944444444444445,0.7142857142857143,0.005917159763313609,0.13926341596084754,0.03804321897524365,0.6190006574621959,0.1527777777777778,0.4782608695652174,0.03550295857988166,23.0,0.8219512195121951,
v4r,2025,180,411,72,1.5816500983634494,5.819942008444624,0.9901485225562361,-0.5460628488350422,0.125,0.42857142857142855,0.035398230088495575,0.1464338841300979,-0.01342830797854222,0.6086733857751557,0.16666666666666666,0.41379310344827586,0.05014749262536873,29.0,0.7299270072992701,
naive_previous_lab,2025,180,411,72,1.8523113826185538,5.942070286579354,1.1999998092651367,-0.33017031989828516,0.25,0.26865671641791045,0.14454277286135694,,,,,,,,,0.0024330900243309003
anchored_q21,2025,180,411,72,2.1629625801042334,6.315855542331545,1.1832320292790754,0.053333889974004844,0.2916666666666667,0.23333333333333334,0.20353982300884957,,,,,,,,,0.0072992700729927005
anchored_pak,2025,180,411,72,1.7222059463835881,5.896399648682526,0.9935694138209037,-0.294110689671757,0.2222222222222222,0.26666666666666666,0.12979351032448377,,,,,,,,,0.0072992700729927005
v3_saved,2025,180,411,72,1.5611360299873012,5.787867114577645,1.0348307004472392,-0.558537891044122,0.013888888888888888,1.0,0.0,0.14224800290172263,0.015541015316212659,0.6094313339888561,0.09722222222222222,0.4117647058823529,0.029498525073746312,17.0,,
v3_refit,2025,180,411,72,1.5864616090049193,5.7966422631338155,1.071827482005812,-0.5781361748908205,0.013888888888888888,0.5,0.0029498525073746312,0.1460434357885062,-0.01072612327229816,0.5919780399868896,0.06944444444444445,0.38461538461538464,0.02359882005899705,13.0,0.7445255474452555,
hgb_fixed,2025,180,411,72,1.4865306446525768,5.806873956152721,0.8604180923683966,-0.7136350736920724,0.041666666666666664,1.0,0.0,0.14059755769476787,0.026963288947972952,0.6038593903638152,0.09722222222222222,0.5,0.02064896755162242,14.0,0.8248175182481752,
v4r,dev_2024_2025,0,748,104,1.1003388624842363,2.19835006052671,0.6276082522191864,0.09665894097347123,0.47115384615384615,0.532608695652174,0.06677018633540373,0.11088934027638507,0.07365280933470864,0.7885585881509795,0.6634615384615384,0.3770491803278688,0.17701863354037267,183.0,0.7366310160427807,
naive_previous_lab,dev_2024_2025,0,748,104,1.7086898043831402,2.6420271128900397,1.200000524520875,0.002540100385798471,0.2403846153846154,0.24752475247524752,0.11801242236024845,,,,,,,,,0.001336898395721925
anchored_q21,dev_2024_2025,0,748,104,1.1506219571605723,2.4095271320396106,0.6467926303545628,0.08589679996172593,0.47115384615384615,0.5,0.07608695652173914,,,,,,,,,0.004010695187165776
anchored_pak,dev_2024_2025,0,748,104,1.2462080220281813,1.8892564657533113,0.822691659132639,-0.12590719173444895,0.3173076923076923,0.4520547945205479,0.062111801242236024,,,,,,,,,0.03074866310160428
v3_saved,dev_2024_2025,0,748,104,1.0838903127570232,1.9468155617841367,0.6917569016965155,-0.003506249905284512,0.25961538461538464,0.47368421052631576,0.046583850931677016,0.1075224676121045,0.10177898472821723,0.7740683229813664,0.5673076923076923,0.38562091503267976,0.14596273291925466,153.0,,
v3_refit,dev_2024_2025,0,748,104,1.0988661317030106,1.9603793871138575,0.7001460383604368,-0.022272144799475473,0.2692307692307692,0.4827586206896552,0.046583850931677016,0.10915641739380468,0.08812929769614053,0.7783086478738652,0.5384615384615384,0.4,0.13043478260869565,140.0,0.7379679144385026,
hgb_fixed,dev_2024_2025,0,748,104,1.0678203521935534,1.7109431951057548,0.7233996741758366,0.029781984062292766,0.25961538461538464,0.54,0.03571428571428571,0.11588147886155317,0.03194949013147319,0.735218585762064,0.5288461538461539,0.35714285714285715,0.15372670807453417,154.0,0.7005347593582888,
v4r,dev_2024_2025,60,751,103,1.1496480023110192,1.8152398328832207,0.7582524432402824,0.04366394734642874,0.20388349514563106,0.3684210526315789,0.05555555555555555,0.11651220877759437,0.015447047483339471,0.721607934795637,0.46601941747572817,0.34532374100719426,0.1404320987654321,139.0,0.7603195739014648,
naive_previous_lab,dev_2024_2025,60,751,103,1.6663115526166323,2.557915015086108,1.1999998092651367,-0.0018641850284825381,0.24271844660194175,0.25510204081632654,0.11265432098765432,,,,,,,,,0.0013315579227696406
anchored_q21,dev_2024_2025,60,751,103,1.4304784020475954,2.540060214319285,0.8935564756393433,0.08514008742144949,0.30097087378640774,0.3069306930693069,0.10802469135802469,,,,,,,,,0.007989347536617843
anchored_pak,dev_2024_2025,60,751,103,1.2259317283769526,1.95133318916566,0.8037428855895996,-0.12246824209022356,0.2912621359223301,0.38461538461538464,0.07407407407407407,,,,,,,,,0.03062583222370173
v3_saved,dev_2024_2025,60,751,103,1.176698199860288,1.7905585914299222,0.8603877048204298,0.020350867684558842,0.1262135922330097,0.38235294117647056,0.032407407407407406,0.11549495390685015,0.024043067565363563,0.7190758719884933,0.36893203883495146,0.33043478260869563,0.11882716049382716,115.0,,
v3_refit,dev_2024_2025,60,751,103,1.1930183047653427,1.8003620443398007,0.8471957468257632,-0.016915289922013715,0.11650485436893204,0.375,0.030864197530864196,0.11693766132620605,0.011851882931177005,0.6960475848016301,0.2621359223300971,0.35064935064935066,0.07716049382716049,77.0,0.7496671105193076,
hgb_fixed,dev_2024_2025,60,751,103,1.1357381804089122,1.6903559701064013,0.8135080722697463,0.0036146221920634273,0.13592233009708737,0.42424242424242425,0.029320987654320986,0.1214333020325793,-0.026137237499651578,0.6949538535299054,0.3883495145631068,0.26666666666666666,0.1697530864197531,150.0,0.748335552596538,
v4r,dev_2024_2025,120,754,100,1.2144758165028176,1.7657496564080732,0.8861715507151136,-0.032004199957529414,0.14,0.4117647058823529,0.03058103975535168,0.11219085299922009,0.024735550707880805,0.6853593272171253,0.24,0.3333333333333333,0.07339449541284404,72.0,0.7692307692307693,
naive_previous_lab,dev_2024_2025,120,754,100,1.6212201336650696,2.2807579249023697,1.1999998092651367,-0.03580901920004928,0.23,0.23958333333333334,0.11162079510703364,,,,,,,,,0.001326259946949602
anchored_q21,dev_2024_2025,120,754,100,1.5558793835941402,2.4638039043157285,1.080852905909219,0.1422829280955722,0.31,0.2743362831858407,0.12538226299694188,,,,,,,,,0.009283819628647215
anchored_pak,dev_2024_2025,120,754,100,1.344309255512675,1.9513381578991729,0.9767288962999991,-0.09484042672487361,0.28,0.32941176470588235,0.0871559633027523,,,,,,,,,0.033156498673740056
v3_saved,dev_2024_2025,120,754,100,1.2867226082061802,1.8363633568614068,0.9568960721532225,0.1045840944206337,0.09,0.45,0.016819571865443424,0.11429935234749397,0.006406565761653438,0.646230886850153,0.33,0.2894736842105263,0.12385321100917432,114.0,,
v3_refit,dev_2024_2025,120,754,100,1.299706737701891,1.8417255357026896,0.9748332989594983,0.10159488809190681,0.1,0.5263157894736842,0.013761467889908258,0.11588393202726731,-0.007368035174524223,0.6131880733944954,0.25,0.32051282051282054,0.08103975535168195,78.0,0.7387267904509284,
hgb_fixed,dev_2024_2025,120,754,100,1.2860506980451403,1.8036152839900081,0.9368899714724499,0.009454580854671242,0.12,0.4444444444444444,0.022935779816513763,0.13139961346496737,-0.14224438300687114,0.584051987767584,0.26,0.16993464052287582,0.19418960244648317,153.0,0.7360742705570292,
v4r,dev_2024_2025,180,750,99,1.4572609156946297,4.492833183771328,0.9631894349231183,-0.06605006701987277,0.10101010101010101,0.45454545454545453,0.018433179723502304,0.113245662393113,0.011610962216232035,0.5957811602972893,0.13131313131313133,0.34210526315789475,0.03840245775729647,38.0,0.7413333333333333,
naive_previous_lab,dev_2024_2025,180,750,99,1.804799974123637,4.831929905675653,1.1999998092651367,-0.13386666615804033,0.23232323232323232,0.24731182795698925,0.10752688172043011,,,,,,,,,0.0013333333333333333
anchored_q21,dev_2024_2025,180,750,99,1.8990796132882437,4.95301219918258,1.1463690797487889,0.1066239268779756,0.29292929292929293,0.2283464566929134,0.15053763440860216,,,,,,,,,0.005333333333333333
anchored_pak,dev_2024_2025,180,750,99,1.6232158052004457,4.596856581482804,1.0203683773676553,-0.15628508733275043,0.2222222222222222,0.2558139534883721,0.09831029185867896,,,,,,,,,0.032
v3_saved,dev_2024_2025,180,750,99,1.5051359160924997,4.490879065729595,1.044193971501084,0.008833886514569107,0.020202020202020204,0.5,0.0030721966205837174,0.11515673570279986,-0.005068563248846747,0.5871774581452001,0.1111111111111111,0.275,0.0445468509984639,40.0,,
v3_refit,dev_2024_2025,180,750,99,1.5418686312287946,4.51076163112919,1.0815669895835507,0.008230288078709388,0.020202020202020204,0.2,0.01228878648233487,0.1284710713770182,-0.12127383899785471,0.5145929339477726,0.12121212121212122,0.1643835616438356,0.09370199692780339,73.0,0.72,
hgb_fixed,dev_2024_2025,180,750,99,1.4502757860408861,4.498663255831832,0.9674960167593438,-0.1880762089524341,0.06060606060606061,0.3157894736842105,0.019969278033794162,0.13221718121764156,-0.15396925374983916,0.5493956461698397,0.20202020202020202,0.16666666666666666,0.15360983102918588,120.0,0.764,
v4r,audit_2026,0,234,35,1.080680373484311,2.158357614205549,0.511435240291628,0.1748025051327453,0.45714285714285713,0.5517241379310345,0.06532663316582915,0.09916516586645237,0.22040375848047866,0.8650394831299354,0.7142857142857143,0.5208333333333334,0.11557788944723618,48.0,0.8205128205128205,
naive_previous_lab,audit_2026,0,234,35,1.8008546989697676,2.6122328911423636,1.199999809265135,-0.057264951813934165,0.14285714285714285,0.16129032258064516,0.1306532663316583,,,,,,,,,0.008547008547008548
anchored_q21,audit_2026,0,234,35,1.1612810108457767,2.776795966906466,0.487981200218202,0.37631490985143845,0.6285714285714286,0.5365853658536586,0.09547738693467336,,,,,,,,,0.038461538461538464
anchored_pak,audit_2026,0,234,35,1.2444753255005234,2.2965080783651013,0.6374860604604082,0.14640520674380797,0.5428571428571428,0.4222222222222222,0.1306532663316583,,,,,,,,,0.042735042735042736
v3_saved,audit_2026,0,234,35,1.1726720682577116,2.0522329888004216,0.6589750184672121,0.011668831005062231,0.05714285714285714,0.25,0.03015075376884422,0.11283270788007617,0.11295509652814772,0.8248384781048098,0.4857142857142857,0.5666666666666667,0.06532663316582915,30.0,0.7777777777777778,
v3_refit,audit_2026,0,234,35,1.1172242439202507,2.0450713270451737,0.5670585584322074,0.030524836128996282,0.22857142857142856,0.5714285714285714,0.03015075376884422,0.1050014097839193,0.17452158016822894,0.847954055994257,0.6,0.4772727272727273,0.11557788944723618,44.0,0.8034188034188035,
hgb_fixed,audit_2026,0,234,35,1.1186573843223555,1.9754631228681667,0.6365572938123734,-0.015943828365510358,0.3142857142857143,0.5,0.05527638190954774,0.11370392875701224,0.10610591198579145,0.7635319454414932,0.6571428571428571,0.4423076923076923,0.1457286432160804,52.0,0.7948717948717948,
v4r,audit_2026,60,234,34,1.1940507723059843,1.915622924330621,0.6932834248470146,0.05804986521964829,0.11764705882352941,0.4,0.03,0.11781353327546315,0.05132384881893248,0.7033823529411765,0.4117647058823529,0.30434782608695654,0.16,46.0,0.7863247863247863,
naive_previous_lab,audit_2026,60,234,34,1.7897435807201088,2.6873715261019693,1.199999809265135,0.003418816810744448,0.14705882352941177,0.1724137931034483,0.12,,,,,,,,,0.008547008547008548
anchored_q21,audit_2026,60,234,34,1.329342380455268,2.1695793640170997,0.8429195284843445,0.09455199644999046,0.29411764705882354,0.3333333333333333,0.1,,,,,,,,,0.042735042735042736
anchored_pak,audit_2026,60,234,34,1.4459722481583088,2.324860585920013,0.9502134124437998,0.08015545588145899,0.3235294117647059,0.2972972972972973,0.13,,,,,,,,,0.038461538461538464
v3_saved,audit_2026,60,234,34,1.256785033263417,1.9671756265343188,0.7535857121775633,-0.018656004597591883,0.08823529411764706,0.6,0.01,0.11458370043880618,0.0773316027606955,0.7029411764705882,0.35294117647058826,0.3870967741935484,0.095,31.0,0.7606837606837606,
v3_refit,audit_2026,60,234,34,1.2477774176736514,1.9699900373437953,0.795675638302884,-0.08370071682208766,0.11764705882352941,0.4444444444444444,0.025,0.1148765002023076,0.07497387572388914,0.711764705882353,0.35294117647058826,0.375,0.1,32.0,0.7692307692307693,
hgb_fixed,audit_2026,60,234,34,1.211715339996068,1.9623969406231279,0.7689234657499258,-0.04907724767152196,0.20588235294117646,0.5833333333333334,0.025,0.11904044403470589,0.04144433035818318,0.7138970588235294,0.5882352941176471,0.37735849056603776,0.165,53.0,0.7948717948717948,
v4r,audit_2026,120,234,34,1.3053198468466398,2.055923221024008,0.8097159853329803,0.14111564682649208,0.14705882352941177,0.3333333333333333,0.05,0.1354158115278149,-0.09041590823779888,0.6286764705882353,0.5294117647058824,0.2608695652173913,0.255,69.0,0.7905982905982906,
naive_previous_lab,audit_2026,120,234,34,1.7974358892275228,2.707018404022489,1.199999809265135,0.002564116771149862,0.11764705882352941,0.15384615384615385,0.11,,,,,,,,,0.008547008547008548
anchored_q21,audit_2026,120,234,34,1.636255609335914,2.7395265093572614,0.9461442232131962,0.3061090825719924,0.29411764705882354,0.23809523809523808,0.16,,,,,,,,,0.042735042735042736
anchored_pak,audit_2026,120,234,34,1.6554438813650536,2.5112837395701395,1.0700380404790248,0.2286413233525559,0.3235294117647059,0.25,0.165,,,,,,,,,0.03418803418803419
v3_saved,audit_2026,120,234,34,1.3564734798281695,2.118816924767921,0.8367804064181916,0.02200570127773515,0.058823529411764705,0.25,0.03,0.1263888305903792,-0.01772747173629452,0.6348529411764706,0.23529411764705882,0.2222222222222222,0.14,36.0,0.7735042735042735,
v3_refit,audit_2026,120,234,34,1.368599899840687,2.118053542173542,0.8690115608056814,-0.008185431062843805,0.058823529411764705,0.18181818181818182,0.045,0.12816422726555493,-0.032023592375400645,0.6391176470588236,0.3235294117647059,0.275,0.145,40.0,0.7606837606837606,
hgb_fixed,audit_2026,120,234,34,1.2533108855406092,1.960445868283603,0.829925650077334,-0.09410360491287735,0.029411764705882353,0.14285714285714285,0.03,0.1338061616237388,-0.07745443909844707,0.6144852941176471,0.3235294117647059,0.22,0.195,50.0,0.8461538461538461,
v4r,audit_2026,180,234,34,1.4038076924691392,2.182793068900635,0.8801891262647912,0.09415223362936029,0.11764705882352941,0.4,0.03,0.13523562479649445,-0.08896498108188955,0.5760294117647059,0.4117647058823529,0.2153846153846154,0.255,65.0,0.7777777777777778,
naive_previous_lab,audit_2026,180,234,34,1.7200854561713517,2.5272446863965405,1.199999809265135,-0.10726494020503807,0.17647058823529413,0.2727272727272727,0.08,,,,,,,,,0.01282051282051282
anchored_q21,audit_2026,180,234,34,1.7554050809557835,2.6397724451101094,1.1815626968940096,0.2927334674493414,0.35294117647058826,0.24489795918367346,0.185,,,,,,,,,0.042735042735042736
anchored_pak,audit_2026,180,234,34,1.79910428984425,2.6892746553829086,1.225812514623005,0.26603769183031506,0.29411764705882354,0.19230769230769232,0.21,,,,,,,,,0.03418803418803419
v3_saved,audit_2026,180,234,34,1.4176188563378707,2.1359099019819605,0.9091590883420722,-0.0883644880209724,0.0,,0.0,0.12369109295472636,0.003995663848677111,0.5966176470588235,0.11764705882352941,0.3333333333333333,0.04,12.0,0.7521367521367521,
v3_refit,audit_2026,180,234,34,1.4197751264267655,2.131215768452636,0.8796581572595543,-0.1244645316915611,0.0,,0.0,0.12435596252222361,-0.0013581005686580383,0.585,0.14705882352941177,0.3125,0.055,16.0,0.7649572649572649,
hgb_fixed,audit_2026,180,234,34,1.3672204990001318,2.0745095497866304,0.9189343429326486,-0.11888245163479284,0.058823529411764705,0.5,0.01,0.13195346271280514,-0.06253585357387603,0.5877941176470588,0.29411764705882354,0.24390243902439024,0.155,41.0,0.8162393162393162,
