period,horizon,candidate,reference,n,mae_delta,mae_delta_95ci,mae_reference,brier_delta,brier_delta_95ci
2024,0,v4r,v3_saved,341,0.04334469284861442,"[-0.010011363125734508, 0.0993277955945229]",1.09549008307409,0.0013322699364594361,"[-0.007612335591035621, 0.009622011083323587]"
2024,0,v4r,v3_refit,341,0.034524203848903784,"[-0.015884687304163165, 0.08596956152888038]",1.1043105720738007,-0.0010475922275729535,"[-0.009552407335490596, 0.00667205289379083]"
2024,0,v4r,naive_previous_lab,341,-0.5981153691666773,"[-0.8718619673448584, -0.33445627541294776]",1.7369501450893816,,
2024,0,naive_previous_lab,v3_saved,341,0.6414600620152918,"[0.41543064245825123, 0.8765142510470069]",1.09549008307409,,
2024,0,naive_previous_lab,v3_refit,341,0.6326395730155812,"[0.40528754869334155, 0.8715041093816944]",1.1043105720738007,,
2024,0,anchored_q21,v3_saved,341,0.0916367470441695,"[0.019547536895675722, 0.17376390139953915]",1.09549008307409,,
2024,0,anchored_q21,v3_refit,341,0.0828162580444589,"[0.014355736377090018, 0.15940464477992577]",1.1043105720738007,,
2024,0,anchored_q21,naive_previous_lab,341,-0.5498233149711221,"[-0.8402049960845275, -0.26840782151725323]",1.7369501450893816,,
2024,0,anchored_pak,v3_saved,341,0.271198372849763,"[0.10632655128369464, 0.41996071374062843]",1.09549008307409,,
2024,0,anchored_pak,v3_refit,341,0.26237788385005234,"[0.09330570383512683, 0.4133455271173765]",1.1043105720738007,,
2024,0,anchored_pak,naive_previous_lab,341,-0.37026168916552876,"[-0.6340375216887016, -0.14757017313540324]",1.7369501450893816,,
2024,0,v3_saved,v3_refit,341,-0.008820488999710637,"[-0.015436056417938906, -0.0024300484641483567]",1.1043105720738007,-0.0023798621640323905,"[-0.005023101415519375, 0.00011099655013857039]"
2024,0,v3_saved,naive_previous_lab,341,-0.6414600620152918,"[-0.8765142510470069, -0.4154306424582513]",1.7369501450893816,,
2024,0,v3_refit,v3_saved,341,0.008820488999710637,"[0.002430048464148355, 0.015436056417938906]",1.09549008307409,0.0023798621640323905,"[-0.00011099655013857248, 0.005023101415519374]"
2024,0,v3_refit,naive_previous_lab,341,-0.6326395730155812,"[-0.8715041093816944, -0.4052875486933418]",1.7369501450893816,,
2024,0,hgb_fixed,v3_saved,341,0.022395546767943565,"[-0.09270367169126395, 0.12503312553050933]",1.09549008307409,0.022075942778264638,"[0.010587855939803215, 0.03430677697089106]"
2024,0,hgb_fixed,v3_refit,341,0.013575057768232937,"[-0.10486803986510271, 0.1207333691635075]",1.1043105720738007,0.019696080614232246,"[0.008321802776242487, 0.03222655961506803]"
2024,0,hgb_fixed,naive_previous_lab,341,-0.6190645152473483,"[-0.8286796527131151, -0.4222841728446011]",1.7369501450893816,,
2024,60,v4r,v3_saved,342,-0.07040191451057934,"[-0.16360302025563786, 0.016970896708315596]",1.1920125181775394,-0.004331628513985106,"[-0.016136292983493547, 0.007566145454911147]"
2024,60,v4r,v3_refit,342,-0.053271983614396515,"[-0.14041735042418815, 0.030469990761645534]",1.1748825872813566,-0.004781518686093709,"[-0.01683348607049367, 0.0077774184969350004]"
2024,60,v4r,naive_previous_lab,342,-0.5482724362927301,"[-0.7697034522486355, -0.3333639908354753]",1.66988303995969,,
2024,60,naive_previous_lab,v3_saved,342,0.47787052178215067,"[0.2187404926824126, 0.7268645991229642]",1.1920125181775394,,
2024,60,naive_previous_lab,v3_refit,342,0.4950004526783336,"[0.2423379257338252, 0.7382604517602043]",1.1748825872813566,,
2024,60,anchored_q21,v3_saved,342,0.2561035098176203,"[0.12690843914439257, 0.4025795089632416]",1.1920125181775394,,
2024,60,anchored_q21,v3_refit,342,0.27323344071380307,"[0.14934949578042891, 0.41533974814517605]",1.1748825872813566,,
2024,60,anchored_q21,naive_previous_lab,342,-0.2217670119645305,"[-0.528991103113092, 0.09667602095001339]",1.66988303995969,,
2024,60,anchored_pak,v3_saved,342,0.04962875368912983,"[-0.09181734262827979, 0.18239149198971927]",1.1920125181775394,,
2024,60,anchored_pak,v3_refit,342,0.06675868458531264,"[-0.06997919578113539, 0.19671901671290073]",1.1748825872813566,,
2024,60,anchored_pak,naive_previous_lab,342,-0.42824176809302084,"[-0.6431110918609042, -0.19581097937861866]",1.66988303995969,,
2024,60,v3_saved,v3_refit,342,0.017129930896182817,"[0.006410424122305994, 0.028937092622916875]",1.1748825872813566,-0.00044989017210860367,"[-0.0032019848157286168, 0.0018716626701105641]"
2024,60,v3_saved,naive_previous_lab,342,-0.47787052178215067,"[-0.7268645991229643, -0.21874049268241272]",1.66988303995969,,
2024,60,v3_refit,v3_saved,342,-0.017129930896182817,"[-0.02893709262291688, -0.006410424122306009]",1.1920125181775394,0.00044989017210860367,"[-0.0018716626701105645, 0.003201984815728616]"
2024,60,v3_refit,naive_previous_lab,342,-0.4950004526783336,"[-0.7382604517602043, -0.2423379257338253]",1.66988303995969,,
2024,60,hgb_fixed,v3_saved,342,-0.06217531816912417,"[-0.20859928566756286, 0.05502994990948291]",1.1920125181775394,0.013269511294381772,"[-0.004432061451665994, 0.031182343682191253]"
2024,60,hgb_fixed,v3_refit,342,-0.04504538727294137,"[-0.1867007267405205, 0.06947371065681437]",1.1748825872813566,0.012819621122273169,"[-0.005198606299085799, 0.02983198294765909]"
2024,60,hgb_fixed,naive_previous_lab,342,-0.540045839951275,"[-0.7287679651058614, -0.36298918838240907]",1.66988303995969,,
2024,120,v4r,v3_saved,344,-0.1307906237399472,"[-0.25135959565668864, -0.031726373855193245]",1.2939660731683473,-0.005776687455995201,"[-0.018482409254940442, 0.007183168771123495]"
2024,120,v4r,v3_refit,344,-0.13852770082102125,"[-0.26365351495858985, -0.03492401082273938]",1.3017031502494214,-0.009856917943743543,"[-0.02353851645396576, 0.003751174170388428]"
2024,120,v4r,naive_previous_lab,344,-0.48275478604066413,"[-0.6391723792377426, -0.3297224511400738]",1.6459302354690641,,
2024,120,naive_previous_lab,v3_saved,344,0.35196416230071687,"[0.14110380650739315, 0.5508320658409928]",1.2939660731683473,,
2024,120,naive_previous_lab,v3_refit,344,0.34422708521964285,"[0.12924234865524523, 0.5444728773145131]",1.3017031502494214,,
2024,120,anchored_q21,v3_saved,344,0.1774525724399855,"[0.0482352634797216, 0.3151626716598267]",1.2939660731683473,,
2024,120,anchored_q21,v3_refit,344,0.16971549535891145,"[0.03782694753973457, 0.31008134711800295]",1.3017031502494214,,
2024,120,anchored_q21,naive_previous_lab,344,-0.17451158986073137,"[-0.3720778009792988, 0.03019317783550116]",1.6459302354690641,,
2024,120,anchored_pak,v3_saved,344,0.04972904739770448,"[-0.09141888474729669, 0.16710528147281736]",1.2939660731683473,,
2024,120,anchored_pak,v3_refit,344,0.04199197031663044,"[-0.10578438562906306, 0.16587838359043147]",1.3017031502494214,,
2024,120,anchored_pak,naive_previous_lab,344,-0.3022351149030124,"[-0.4949602634249297, -0.12483159724358324]",1.6459302354690641,,
2024,120,v3_saved,v3_refit,344,-0.0077370770810740366,"[-0.0183707562447142, 0.002478940174749018]",1.3017031502494214,-0.0040802304877483415,"[-0.005966739741327883, -0.0022827528081430723]"
2024,120,v3_saved,naive_previous_lab,344,-0.35196416230071687,"[-0.5508320658409929, -0.14110380650739324]",1.6459302354690641,,
2024,120,v3_refit,v3_saved,344,0.0077370770810740366,"[-0.0024789401747490392, 0.018370756244714195]",1.2939660731683473,0.0040802304877483415,"[0.0022827528081430714, 0.005966739741327882]"
2024,120,v3_refit,naive_previous_lab,344,-0.34422708521964285,"[-0.5444728773145131, -0.12924234865524523]",1.6459302354690641,,
2024,120,hgb_fixed,v3_saved,344,0.04266168718833236,"[-0.11656269442854404, 0.1744854344331241]",1.2939660731683473,0.039994845093473744,"[0.02157686663590063, 0.05721171608149512]"
2024,120,hgb_fixed,v3_refit,344,0.03492461010725833,"[-0.12559588516988304, 0.16750392014689036]",1.3017031502494214,0.035914614605725405,"[0.017228541840153173, 0.05360428720799984]"
2024,120,hgb_fixed,naive_previous_lab,344,-0.3093024751123845,"[-0.48144569333413884, -0.1427292507147771]",1.6459302354690641,,
2024,180,v4r,v3_saved,339,-0.130789181123892,"[-0.1725492572958828, -0.08831535730373889]",1.4372419726979175,-0.009302956245213437,"[-0.014288758554194413, -0.004652600215080754]"
2024,180,v4r,v3_refit,339,-0.18135178695274187,"[-0.24138607391628494, -0.12364592643253491]",1.4878045785267673,-0.034157908573224385,"[-0.04759658417220682, -0.021835855244785773]"
2024,180,v4r,naive_previous_lab,339,-0.44074485543630526,"[-0.6816093765622818, -0.2311203411086826]",1.7471976470103305,,
2024,180,naive_previous_lab,v3_saved,339,0.30995567431241317,"[0.08301269983163787, 0.5687814137360704]",1.4372419726979175,,
2024,180,naive_previous_lab,v3_refit,339,0.25939306848356336,"[0.01872272236299027, 0.5215665950108448]",1.4878045785267673,,
2024,180,anchored_q21,v3_saved,339,0.1419087339196123,"[-0.016108677940033896, 0.2862762275203763]",1.4372419726979175,,
2024,180,anchored_q21,v3_refit,339,0.09134612809076245,"[-0.06195366748897635, 0.233429528894483]",1.4878045785267673,,
2024,180,anchored_q21,naive_previous_lab,339,-0.16804694039280088,"[-0.43495738357970504, 0.08002980832530382]",1.7471976470103305,,
2024,180,anchored_pak,v3_saved,339,0.06595923655482486,"[-0.09792469843868847, 0.22764244258193794]",1.4372419726979175,,
2024,180,anchored_pak,v3_refit,339,0.015396630725975009,"[-0.16077553898612845, 0.18283441761565494]",1.4878045785267673,,
2024,180,anchored_pak,naive_previous_lab,339,-0.24399643775758834,"[-0.49720179542062826, -0.05528955108058914]",1.7471976470103305,,
2024,180,v3_saved,v3_refit,339,-0.050562605828849846,"[-0.08372520823824481, -0.01874529856810487]",1.4878045785267673,-0.02485495232801095,"[-0.03546747014856844, -0.015538674188156026]"
2024,180,v3_saved,naive_previous_lab,339,-0.30995567431241317,"[-0.5687814137360705, -0.08301269983163836]",1.7471976470103305,,
2024,180,v3_refit,v3_saved,339,0.050562605828849846,"[0.01874529856810483, 0.0837252082382448]",1.4372419726979175,0.02485495232801095,"[0.015538674188156026, 0.035467470148568436]"
2024,180,v3_refit,naive_previous_lab,339,-0.25939306848356336,"[-0.5215665950108451, -0.018722722362990347]",1.7471976470103305,,
2024,180,hgb_fixed,v3_saved,339,-0.030921192230496858,"[-0.1401874469750943, 0.07048074642696539]",1.4372419726979175,0.03974533072622335,"[0.021818837333512954, 0.05963825548399916]"
2024,180,hgb_fixed,v3_refit,339,-0.08148379805934669,"[-0.20872804431734882, 0.030918974048400105]",1.4878045785267673,0.014890378398212396,"[-0.007512653485386081, 0.037358294674983965]"
2024,180,hgb_fixed,naive_previous_lab,339,-0.34087686654291005,"[-0.5810352365719047, -0.14116265201896983]",1.7471976470103305,,
2025,0,v4r,v3_saved,407,-0.00608605667179842,"[-0.05193637849904454, 0.047380149331397635]",1.0741715862751564,0.005071539814617157,"[-0.003076166371676273, 0.012848398471262686]"
2025,0,v4r,v3_refit,407,-0.026219043951153227,"[-0.0817029671047133, 0.03717531078788529]",1.094304573554511,0.004062543650546713,"[-0.00561410565208549, 0.012903224971943215]"
2025,0,v4r,naive_previous_lab,407,-0.6169266920259042,"[-0.9025177023147491, -0.34644934568005586]",1.6850122216292622,,
2025,0,naive_previous_lab,v3_saved,407,0.6108406353541058,"[0.3775920776121213, 0.8701871375223876]",1.0741715862751564,,
2025,0,naive_previous_lab,v3_refit,407,0.5907076480747508,"[0.37066600599326466, 0.8382907381291412]",1.094304573554511,,
2025,0,anchored_q21,v3_saved,407,0.045865207056002576,"[-0.02880365359866504, 0.1355690046416702]",1.0741715862751564,,
2025,0,anchored_q21,v3_refit,407,0.025732219776647778,"[-0.06081919625104666, 0.12657722585162615]",1.094304573554511,,
2025,0,anchored_q21,naive_previous_lab,407,-0.5649754282981031,"[-0.8696713322669392, -0.26341620581303005]",1.6850122216292622,,
2025,0,anchored_pak,v3_saved,407,0.07109336951611091,"[-0.040755681284740025, 0.1766117981038646]",1.0741715862751564,,
2025,0,anchored_pak,v3_refit,407,0.0509603822367561,"[-0.05871823097177878, 0.1538221503830381]",1.094304573554511,,
2025,0,anchored_pak,naive_previous_lab,407,-0.5397472658379949,"[-0.8152611308023093, -0.31564414399643104]",1.6850122216292622,,
2025,0,v3_saved,v3_refit,407,-0.020132987279354808,"[-0.03781845304966194, -0.003630112463773922]",1.094304573554511,-0.0010089961640704437,"[-0.0032849086155116954, 0.0010650837161939285]"
2025,0,v3_saved,naive_previous_lab,407,-0.6108406353541058,"[-0.870187137522388, -0.3775920776121214]",1.6850122216292622,,
2025,0,v3_refit,v3_saved,407,0.020132987279354808,"[0.0036301124637738913, 0.03781845304966194]",1.0741715862751564,0.0010089961640704437,"[-0.0010650837161939296, 0.0032849086155116946]"
2025,0,v3_refit,naive_previous_lab,407,-0.5907076480747508,"[-0.8382907381291412, -0.3706660059932647]",1.6850122216292622,,
2025,0,hgb_fixed,v3_saved,407,-0.048297818057356216,"[-0.14313514843011652, 0.04265131010351051]",1.0741715862751564,-0.0031335530044242035,"[-0.016156791510966453, 0.009723756583902782]"
2025,0,hgb_fixed,v3_refit,407,-0.06843080533671102,"[-0.1568081502536782, 0.018166000197905652]",1.094304573554511,-0.004142549168494648,"[-0.017895893473871154, 0.008973287216058546]"
2025,0,hgb_fixed,naive_previous_lab,407,-0.659138453411462,"[-0.9075579497699595, -0.4529539669407488]",1.6850122216292622,,
2025,60,v4r,v3_saved,409,0.009199893406155027,"[-0.062035395510440246, 0.08691074669917552]",1.1638925840546643,0.005489915304918809,"[-0.004976731629826988, 0.016562978805132873]"
2025,60,v4r,v3_refit,409,-0.03509065708330863,"[-0.11472128578919072, 0.051222482265434355]",1.2081831345441278,0.003217028182485724,"[-0.0096799078935308, 0.01612071373831866]"
2025,60,v4r,naive_previous_lab,409,-0.490232648086557,"[-0.7702573088146611, -0.2625912341235068]",1.6633251255473764,,
2025,60,naive_previous_lab,v3_saved,409,0.499432541492712,"[0.31375203287237013, 0.7486014701059548]",1.1638925840546643,,
2025,60,naive_previous_lab,v3_refit,409,0.45514199100324837,"[0.27378782613211494, 0.6951652347379258]",1.2081831345441278,,
2025,60,anchored_q21,v3_saved,409,0.25183748529350075,"[0.11408478843577596, 0.3973965010479978]",1.1638925840546643,,
2025,60,anchored_q21,v3_refit,409,0.2075469348040371,"[0.06026600980637055, 0.3607006308721992]",1.2081831345441278,,
2025,60,anchored_q21,naive_previous_lab,409,-0.2475950561992112,"[-0.5489209164018198, 0.0196969371765678]",1.6633251255473764,,
2025,60,anchored_pak,v3_saved,409,0.04890304683210987,"[-0.025510420782905264, 0.13350819858304558]",1.1638925840546643,,
2025,60,anchored_pak,v3_refit,409,0.004612496342646215,"[-0.06828611196080153, 0.08397000322384167]",1.2081831345441278,,
2025,60,anchored_pak,naive_previous_lab,409,-0.4505294946606021,"[-0.7230656138273567, -0.22348632289940004]",1.6633251255473764,,
2025,60,v3_saved,v3_refit,409,-0.044290550489463655,"[-0.06848624984601455, -0.020909930314205797]",1.2081831345441278,-0.0022728871224330844,"[-0.008023145764109429, 0.0029134056496506544]"
2025,60,v3_saved,naive_previous_lab,409,-0.499432541492712,"[-0.7486014701059552, -0.3137520328723702]",1.6633251255473764,,
2025,60,v3_refit,v3_saved,409,0.044290550489463655,"[0.02090993031420579, 0.06848624984601455]",1.1638925840546643,0.0022728871224330844,"[-0.002913405649650658, 0.008023145764109427]"
2025,60,v3_refit,naive_previous_lab,409,-0.45514199100324837,"[-0.6951652347379259, -0.27378782613211494]",1.6633251255473764,,
2025,60,hgb_fixed,v3_saved,409,-0.023220087516240957,"[-0.09121360210413448, 0.04558876447537231]",1.1638925840546643,-0.00019186655319312015,"[-0.009745405341605059, 0.00881231470800944]"
2025,60,hgb_fixed,v3_refit,409,-0.06751063800570462,"[-0.13555873336045268, 0.0016970162739996394]",1.2081831345441278,-0.002464753675626204,"[-0.011985390834069944, 0.006562396914947785]"
2025,60,hgb_fixed,naive_previous_lab,409,-0.5226526290089529,"[-0.8003962087675955, -0.3093281313467698]",1.6633251255473764,,
2025,120,v4r,v3_saved,410,-0.02312708872632592,"[-0.09340827518691125, 0.04260942332233051]",1.2806451644330448,0.0009691999421069073,"[-0.007022740859905223, 0.00833079521041276]"
2025,120,v4r,v3_refit,410,-0.040513623174805044,"[-0.1130938784662668, 0.029131706015546762]",1.2980316988815241,0.0014785321597564995,"[-0.007179450860981231, 0.00957153606821239]"
2025,120,v4r,naive_previous_lab,410,-0.3429696798593893,"[-0.5087860878469721, -0.1918707335941416]",1.6004877555661086,,
2025,120,naive_previous_lab,v3_saved,410,0.31984259113306346,"[0.18194243622839643, 0.4750743135172695]",1.2806451644330448,,
2025,120,naive_previous_lab,v3_refit,410,0.3024560566845843,"[0.17166254385419744, 0.4501543552207955]",1.2980316988815241,,
2025,120,anchored_q21,v3_saved,410,0.34609883834918737,"[0.18399670005760038, 0.526849418836898]",1.2806451644330448,,
2025,120,anchored_q21,v3_refit,410,0.32871230390070827,"[0.16700522663758788, 0.5156184284755597]",1.2980316988815241,,
2025,120,anchored_q21,naive_previous_lab,410,0.026256247216124,"[-0.21778541770200174, 0.28751185045982053]",1.6004877555661086,,
2025,120,anchored_pak,v3_saved,410,0.06417936527874805,"[-0.016562599912362887, 0.15983668734997764]",1.2806451644330448,,
2025,120,anchored_pak,v3_refit,410,0.046792830830268924,"[-0.0331928365937202, 0.14275913427141657]",1.2980316988815241,,
2025,120,anchored_pak,naive_previous_lab,410,-0.2556632258543154,"[-0.4386808869386405, -0.08437150602775907]",1.6004877555661086,,
2025,120,v3_saved,v3_refit,410,-0.017386534448479124,"[-0.029409442435202913, -0.004891077683300878]",1.2980316988815241,0.0005093322176495917,"[-0.0044139804045469, 0.004933822241255792]"
2025,120,v3_saved,naive_previous_lab,410,-0.31984259113306346,"[-0.4750743135172696, -0.18194243622839643]",1.6004877555661086,,
2025,120,v3_refit,v3_saved,410,0.017386534448479124,"[0.004891077683300869, 0.029409442435202906]",1.2806451644330448,-0.0005093322176495917,"[-0.004933822241255797, 0.004413980404546897]"
2025,120,v3_refit,naive_previous_lab,410,-0.3024560566845843,"[-0.45015435522079555, -0.17166254385419744]",1.6004877555661086,,
2025,120,hgb_fixed,v3_saved,410,-0.0370298552541717,"[-0.11127814420279382, 0.04404089380643709]",1.2806451644330448,-0.00210885324287812,"[-0.012187768955389576, 0.008779891796053589]"
2025,120,hgb_fixed,v3_refit,410,-0.05441638970265082,"[-0.13221457373587567, 0.03128711309372455]",1.2980316988815241,-0.0015995210252285287,"[-0.01083369961563288, 0.00737260300997046]"
2025,120,hgb_fixed,naive_previous_lab,410,-0.3568724463872351,"[-0.5387577618051143, -0.18491735600914003]",1.6004877555661086,,
2025,180,v4r,v3_saved,411,0.020514068376148248,"[-0.06605541053868857, 0.10118558824984411]",1.5611360299873012,0.004185881228375252,"[-0.0040130793763456275, 0.01256247384459479]"
2025,180,v4r,v3_refit,411,-0.004811510641469806,"[-0.08147564926869619, 0.06830695767946174]",1.5864616090049193,0.00039044834159166993,"[-0.007743323899180963, 0.00809207342067304]"
2025,180,v4r,naive_previous_lab,411,-0.2706612842551041,"[-0.4328961488741816, -0.12439745472051629]",1.8523113826185538,,
2025,180,naive_previous_lab,v3_saved,411,0.2911753526312523,"[0.16452613348763126, 0.4340571082848918]",1.5611360299873012,,
2025,180,naive_previous_lab,v3_refit,411,0.26584977361363427,"[0.1366431097298992, 0.413965137952656]",1.5864616090049193,,
2025,180,anchored_q21,v3_saved,411,0.6018265501169325,"[0.35270620245542816, 0.8786721463462116]",1.5611360299873012,,
2025,180,anchored_q21,v3_refit,411,0.5765009710993144,"[0.3414215198018803, 0.8342732101975359]",1.5864616090049193,,
2025,180,anchored_q21,naive_previous_lab,411,0.31065119748568015,"[0.019190606636345614, 0.6143786122955184]",1.8523113826185538,,
2025,180,anchored_pak,v3_saved,411,0.16106991639628698,"[0.037709022053032254, 0.28969414786657677]",1.5611360299873012,,
2025,180,anchored_pak,v3_refit,411,0.1357443373786689,"[0.021016210621339498, 0.2566521934722521]",1.5864616090049193,,
2025,180,anchored_pak,naive_previous_lab,411,-0.1301054362349654,"[-0.3094188730225631, 0.03307064402508708]",1.8523113826185538,,
2025,180,v3_saved,v3_refit,411,-0.025325579017618054,"[-0.043883760159487036, -0.007185749237331877]",1.5864616090049193,-0.0037954328867835815,"[-0.007833107094351236, -1.4968024711351393e-05]"
2025,180,v3_saved,naive_previous_lab,411,-0.2911753526312523,"[-0.43405710828489197, -0.16452613348763126]",1.8523113826185538,,
2025,180,v3_refit,v3_saved,411,0.025325579017618054,"[0.007185749237331863, 0.043883760159487036]",1.5611360299873012,0.0037954328867835815,"[1.4968024711348276e-05, 0.007833107094351236]"
2025,180,v3_refit,naive_previous_lab,411,-0.26584977361363427,"[-0.413965137952656, -0.1366431097298992]",1.8523113826185538,,
2025,180,hgb_fixed,v3_saved,411,-0.07460538533472436,"[-0.14382580614950052, -0.008008280449401349]",1.5611360299873012,-0.0016504452069547855,"[-0.00922256754764576, 0.0059549806214118746]"
2025,180,hgb_fixed,v3_refit,411,-0.0999309643523424,"[-0.16516936991620668, -0.0373985517834562]",1.5864616090049193,-0.0054458780937383655,"[-0.014995185529918898, 0.0038373514866431313]"
2025,180,hgb_fixed,naive_previous_lab,411,-0.3657807379659767,"[-0.528019191348482, -0.21841435167678022]",1.8523113826185538,,
dev_2024_2025,0,v4r,v3_saved,748,0.016448549727213317,"[-0.01928331533912604, 0.05447833034338418]",1.0838903127570232,0.0033668726642805493,"[-0.002403389245431802, 0.009342473264069243]"
dev_2024_2025,0,v4r,v3_refit,748,0.001472730781225705,"[-0.03737085323030476, 0.046182504134027705]",1.0988661317030106,0.001732922882580395,"[-0.004466506671043453, 0.008054948568491128]"
dev_2024_2025,0,v4r,naive_previous_lab,748,-0.6083509418989037,"[-0.8154185331138155, -0.40870678528491244]",1.7086898043831402,,
dev_2024_2025,0,naive_previous_lab,v3_saved,748,0.6247994916261171,"[0.45433721004231115, 0.8099306388231144]",1.0838903127570232,,
dev_2024_2025,0,naive_previous_lab,v3_refit,748,0.6098236726801294,"[0.4438826779618827, 0.7885702130201122]",1.0988661317030106,,
dev_2024_2025,0,anchored_q21,v3_saved,748,0.06673164440354928,"[0.013332579833696984, 0.12791388335587495]",1.0838903127570232,,
dev_2024_2025,0,anchored_q21,v3_refit,748,0.05175582545756167,"[-0.009004347953334327, 0.11805840118332296]",1.0988661317030106,,
dev_2024_2025,0,anchored_q21,naive_previous_lab,748,-0.5580678472225679,"[-0.7826291695142261, -0.3397850793911178]",1.7086898043831402,,
dev_2024_2025,0,anchored_pak,v3_saved,748,0.16231770927115818,"[0.06502146914784689, 0.25965739352944056]",1.0838903127570232,,
dev_2024_2025,0,anchored_pak,v3_refit,748,0.14734189032517056,"[0.05144456762444771, 0.24439488602089074]",1.0988661317030106,,
dev_2024_2025,0,anchored_pak,naive_previous_lab,748,-0.46248178235495896,"[-0.6529457379897816, -0.2937306420782535]",1.7086898043831402,,
dev_2024_2025,0,v3_saved,v3_refit,748,-0.014975818945987611,"[-0.025361271683654114, -0.005035300750253316]",1.0988661317030106,-0.0016339497817001547,"[-0.003362000504078727, -3.037982506658362e-05]"
dev_2024_2025,0,v3_saved,naive_previous_lab,748,-0.6247994916261171,"[-0.8099306388231147, -0.4543372100423114]",1.7086898043831402,,
dev_2024_2025,0,v3_refit,v3_saved,748,0.014975818945987611,"[0.005035300750253311, 0.02536127168365411]",1.0838903127570232,0.0016339497817001547,"[3.037982506658275e-05, 0.0033620005040787266]"
dev_2024_2025,0,v3_refit,naive_previous_lab,748,-0.6098236726801294,"[-0.7885702130201124, -0.4438826779618827]",1.7086898043831402,,
dev_2024_2025,0,hgb_fixed,v3_saved,748,-0.016069960563469547,"[-0.08981471458698065, 0.05555212378355011]",1.0838903127570232,0.008359011249448652,"[-0.001180964096650296, 0.017412396944540665]"
dev_2024_2025,0,hgb_fixed,v3_refit,748,-0.03104577950945716,"[-0.10192581548935506, 0.037882175358252244]",1.0988661317030106,0.006725061467748496,"[-0.0028860313552198963, 0.015932900879917153]"
dev_2024_2025,0,hgb_fixed,naive_previous_lab,748,-0.6408694521895866,"[-0.8087424452415175, -0.4946070636250352]",1.7086898043831402,,
dev_2024_2025,60,v4r,v3_saved,751,-0.027050197549268618,"[-0.08685040147809645, 0.03524130916730707]",1.176698199860288,0.00101725487074419,"[-0.006675642397154289, 0.009446352493854676]"
dev_2024_2025,60,v4r,v3_refit,751,-0.04337030245432336,"[-0.10316869737281609, 0.018802833640339335]",1.1930183047653427,-0.00042545254861170017,"[-0.00886867661952361, 0.009213085106858903]"
dev_2024_2025,60,v4r,naive_previous_lab,751,-0.5166635503056132,"[-0.7013785356314605, -0.3472992102294282]",1.6663115526166323,,
dev_2024_2025,60,naive_previous_lab,v3_saved,751,0.4896133527563446,"[0.3278594729295139, 0.6682530785032565]",1.176698199860288,,
dev_2024_2025,60,naive_previous_lab,v3_refit,751,0.47329324785128984,"[0.3146065603598402, 0.6468034026588615]",1.1930183047653427,,
dev_2024_2025,60,anchored_q21,v3_saved,751,0.2537802021873075,"[0.15933623319366477, 0.3580640461536267]",1.176698199860288,,
dev_2024_2025,60,anchored_q21,v3_refit,751,0.23746009728225279,"[0.13815241312079576, 0.3472849848620151]",1.1930183047653427,,
dev_2024_2025,60,anchored_q21,naive_previous_lab,751,-0.23583315056903703,"[-0.458308088429819, -0.02212126241968319]",1.6663115526166323,,
dev_2024_2025,60,anchored_pak,v3_saved,751,0.0492335285166649,"[-0.02363985250680449, 0.12716149778460606]",1.176698199860288,,
dev_2024_2025,60,anchored_pak,v3_refit,751,0.03291342361161016,"[-0.03874245873616583, 0.10582237995676068]",1.1930183047653427,,
dev_2024_2025,60,anchored_pak,naive_previous_lab,751,-0.4403798242396796,"[-0.6306326503104661, -0.278665103273985]",1.6663115526166323,,
dev_2024_2025,60,v3_saved,v3_refit,751,-0.016320104905054745,"[-0.03121621804848635, -0.0013140687452289222]",1.1930183047653427,-0.0014427074193558906,"[-0.0048848545441178915, 0.0015839826540672793]"
dev_2024_2025,60,v3_saved,naive_previous_lab,751,-0.4896133527563446,"[-0.6682530785032565, -0.32785947292951406]",1.6663115526166323,,
dev_2024_2025,60,v3_refit,v3_saved,751,0.016320104905054745,"[0.0013140687452289038, 0.031216218048486347]",1.176698199860288,0.0014427074193558906,"[-0.001583982654067282, 0.00488485454411789]"
dev_2024_2025,60,v3_refit,naive_previous_lab,751,-0.47329324785128984,"[-0.6468034026588619, -0.31460656035984025]",1.6663115526166323,,
dev_2024_2025,60,hgb_fixed,v3_saved,751,-0.04096001945137552,"[-0.11523793216403234, 0.02654684834159844]",1.176698199860288,0.005938348125729136,"[-0.003575279420001551, 0.015676735235596418]"
dev_2024_2025,60,hgb_fixed,v3_refit,751,-0.05728012435643026,"[-0.13058969935953474, 0.00788613812007514]",1.1930183047653427,0.0044956407063732415,"[-0.005040327427062169, 0.014524183475330677]"
dev_2024_2025,60,hgb_fixed,naive_previous_lab,751,-0.53057337220772,"[-0.711782869999676, -0.3856584198018894]",1.6663115526166323,,
dev_2024_2025,120,v4r,v3_saved,754,-0.0722467917033627,"[-0.13601847349044224, -0.00967143433207933]",1.2867226082061802,-0.0021084993482738956,"[-0.008823119284807692, 0.005416530387633073]"
dev_2024_2025,120,v4r,v3_refit,754,-0.08523092119907344,"[-0.15119114171030107, -0.0215152628362448]",1.299706737701891,-0.0036930790280472327,"[-0.011641751269751352, 0.004553875548677517]"
dev_2024_2025,120,v4r,naive_previous_lab,754,-0.40674431716225207,"[-0.5205310210310351, -0.29344156757210205]",1.6212201336650696,,
dev_2024_2025,120,naive_previous_lab,v3_saved,754,0.3344975254588894,"[0.20227133433256478, 0.46204215303547286]",1.2867226082061802,,
dev_2024_2025,120,naive_previous_lab,v3_refit,754,0.3215133959631786,"[0.19092435707883684, 0.4453917956707899]",1.299706737701891,,
dev_2024_2025,120,anchored_q21,v3_saved,754,0.26915677538796,"[0.1577644626167148, 0.396449380112716]",1.2867226082061802,,
dev_2024_2025,120,anchored_q21,v3_refit,754,0.25617264589224925,"[0.14183849021511705, 0.3868643768625873]",1.299706737701891,,
dev_2024_2025,120,anchored_q21,naive_previous_lab,754,-0.06534075007092938,"[-0.23663798597534233, 0.12165839062386118]",1.6212201336650696,,
dev_2024_2025,120,anchored_pak,v3_saved,754,0.05758664730649475,"[-0.01787176204457802, 0.13401183566841068]",1.2867226082061802,,
dev_2024_2025,120,anchored_pak,v3_refit,754,0.044602517810784,"[-0.03246585152452675, 0.1237652754883945]",1.299706737701891,,
dev_2024_2025,120,anchored_pak,naive_previous_lab,754,-0.2769108781523946,"[-0.40864588756742376, -0.14721997636130904]",1.6212201336650696,,
dev_2024_2025,120,v3_saved,v3_refit,754,-0.012984129495710754,"[-0.021830447290176316, -0.004451139654686226]",1.299706737701891,-0.0015845796797733383,"[-0.004522091976577779, 0.0012228216942604955]"
dev_2024_2025,120,v3_saved,naive_previous_lab,754,-0.3344975254588894,"[-0.462042153035473, -0.20227133433256478]",1.6212201336650696,,
dev_2024_2025,120,v3_refit,v3_saved,754,0.012984129495710754,"[0.004451139654686214, 0.021830447290176316]",1.2867226082061802,0.0015845796797733383,"[-0.0012228216942604963, 0.0045220919765777785]"
dev_2024_2025,120,v3_refit,naive_previous_lab,754,-0.3215133959631786,"[-0.44539179567078996, -0.1909243570788369]",1.6212201336650696,,
dev_2024_2025,120,hgb_fixed,v3_saved,754,-0.000671910161039878,"[-0.08545283179027728, 0.07795962588251172]",1.2867226082061802,0.017100261117473394,"[0.006602029677369025, 0.02794801211916565]"
dev_2024_2025,120,hgb_fixed,v3_refit,754,-0.013656039656750628,"[-0.09997002940041186, 0.06634020770536914]",1.299706737701891,0.015515681437700057,"[0.005060266235488676, 0.025656313203266272]"
dev_2024_2025,120,hgb_fixed,naive_previous_lab,754,-0.3351694356199293,"[-0.46515891482510086, -0.21328052719358964]",1.6212201336650696,,
dev_2024_2025,180,v4r,v3_saved,750,-0.04787500039786996,"[-0.09978104478876165, 0.008734762244479674]",1.5051359160924997,-0.0019110733096868355,"[-0.00720285080697334, 0.003703182307478957]"
dev_2024_2025,180,v4r,v3_refit,750,-0.08460771553416478,"[-0.13623191946866922, -0.029763840458220357]",1.5418686312287946,-0.015225408983905188,"[-0.023789035285926456, -0.0070532619915226235]"
dev_2024_2025,180,v4r,naive_previous_lab,750,-0.34753905842900695,"[-0.48847230856643054, -0.2203448817565758]",1.804799974123637,,
dev_2024_2025,180,naive_previous_lab,v3_saved,750,0.29966405803113705,"[0.17094566390930485, 0.43606268591882236]",1.5051359160924997,,
dev_2024_2025,180,naive_previous_lab,v3_refit,750,0.2629313428948422,"[0.12792450378806666, 0.40534021923949476]",1.5418686312287946,,
dev_2024_2025,180,anchored_q21,v3_saved,750,0.3939436971957438,"[0.23114670741059593, 0.5769261434975981]",1.5051359160924997,,
dev_2024_2025,180,anchored_q21,v3_refit,750,0.35721098205944896,"[0.2019873732950961, 0.5317287564908598]",1.5418686312287946,,
dev_2024_2025,180,anchored_q21,naive_previous_lab,750,0.09427963916460673,"[-0.11432872756271249, 0.3106270881267586]",1.804799974123637,,
dev_2024_2025,180,anchored_pak,v3_saved,750,0.11807988910794609,"[0.01742286551453721, 0.21984782670984596]",1.5051359160924997,,
dev_2024_2025,180,anchored_pak,v3_refit,750,0.08134717397165124,"[-0.017647378739073852, 0.18097514123927924]",1.5418686312287946,,
dev_2024_2025,180,anchored_pak,naive_previous_lab,750,-0.181584168923191,"[-0.3247341310057528, -0.04079755350956204]",1.804799974123637,,
dev_2024_2025,180,v3_saved,v3_refit,750,-0.03673271513629483,"[-0.05494738025930204, -0.018889086007068626]",1.5418686312287946,-0.013314335674218351,"[-0.018933668004688094, -0.008075966616689287]"
dev_2024_2025,180,v3_saved,naive_previous_lab,750,-0.29966405803113705,"[-0.43606268591882236, -0.17094566390930488]",1.804799974123637,,
dev_2024_2025,180,v3_refit,v3_saved,750,0.03673271513629483,"[0.01888908600706862, 0.05494738025930203]",1.5051359160924997,0.013314335674218351,"[0.008075966616689285, 0.018933668004688087]"
dev_2024_2025,180,v3_refit,naive_previous_lab,750,-0.2629313428948422,"[-0.40534021923949487, -0.12792450378806672]",1.804799974123637,,
dev_2024_2025,180,hgb_fixed,v3_saved,750,-0.054860130051613526,"[-0.11560378381808598, 0.006265208901501706]",1.5051359160924997,0.017060445514841732,"[0.007033794388451518, 0.027301531652798923]"
dev_2024_2025,180,hgb_fixed,v3_refit,750,-0.09159284518790835,"[-0.1558988247668567, -0.027030037666827978]",1.5418686312287946,0.0037461098406233783,"[-0.007886505720079559, 0.014990501426210608]"
dev_2024_2025,180,hgb_fixed,naive_previous_lab,750,-0.35452418808275055,"[-0.500243740695573, -0.2284111295605687]",1.804799974123637,,
audit_2026,0,v4r,v3_saved,234,-0.09199169477340083,"[-0.18507539860852285, -0.0019130299124204015]",1.1726720682577116,-0.013667542013623801,"[-0.028589477832598627, -1.7831955509954775e-05]"
audit_2026,0,v4r,v3_refit,234,-0.036543870435939936,"[-0.11162916639176332, 0.03857841219721083]",1.1172242439202507,-0.005836243917466908,"[-0.013369553071527769, 0.0013838338831878227]"
audit_2026,0,v4r,naive_previous_lab,234,-0.7201743254854567,"[-1.044954816910095, -0.41698587887959654]",1.8008546989697676,,
audit_2026,0,naive_previous_lab,v3_saved,234,0.6281826307120558,"[0.4100460841013667, 0.8617227696470552]",1.1726720682577116,,
audit_2026,0,naive_previous_lab,v3_refit,234,0.6836304550495167,"[0.4468414669101182, 0.9342566373569614]",1.1172242439202507,,
audit_2026,0,anchored_q21,v3_saved,234,-0.01139105741193503,"[-0.1998232898109722, 0.20396402648645703]",1.1726720682577116,,
audit_2026,0,anchored_q21,v3_refit,234,0.04405676692552584,"[-0.13328959063410117, 0.2472456642239048]",1.1172242439202507,,
audit_2026,0,anchored_q21,naive_previous_lab,234,-0.6395736881239908,"[-1.0399031950259097, -0.23201844548279754]",1.8008546989697676,,
audit_2026,0,anchored_pak,v3_saved,234,0.07180325724281159,"[-0.11992155463142996, 0.31467302691545257]",1.1726720682577116,,
audit_2026,0,anchored_pak,v3_refit,234,0.12725108158027248,"[-0.06320491401652806, 0.3773780450006814]",1.1172242439202507,,
audit_2026,0,anchored_pak,naive_previous_lab,234,-0.5563793734692442,"[-0.8041355387074691, -0.322142005753079]",1.8008546989697676,,
audit_2026,0,v3_saved,v3_refit,234,0.05544782433746089,"[0.029552456672885405, 0.08342829724153356]",1.1172242439202507,0.007831298096156894,"[-3.786030227689015e-05, 0.017322960100706792]"
audit_2026,0,v3_saved,naive_previous_lab,234,-0.6281826307120558,"[-0.8617227696470557, -0.41004608410136684]",1.8008546989697676,,
audit_2026,0,v3_refit,v3_saved,234,-0.05544782433746089,"[-0.0834282972415336, -0.02955245667288541]",1.1726720682577116,-0.007831298096156894,"[-0.017322960100706795, 3.7860302276888395e-05]"
audit_2026,0,v3_refit,naive_previous_lab,234,-0.6836304550495167,"[-0.9342566373569614, -0.4468414669101182]",1.8008546989697676,,
audit_2026,0,hgb_fixed,v3_saved,234,-0.05401468393535625,"[-0.18110680749214825, 0.060394914550641235]",1.1726720682577116,0.0008712208769360856,"[-0.02210455739973345, 0.026072080676396006]"
audit_2026,0,hgb_fixed,v3_refit,234,0.0014331404021046268,"[-0.1305241132142392, 0.1186534866067415]",1.1172242439202507,0.00870251897309298,"[-0.012153897055540359, 0.03226957849268156]"
audit_2026,0,hgb_fixed,naive_previous_lab,234,-0.6821973146474121,"[-0.8965732430009946, -0.4705439279618128]",1.8008546989697676,,
audit_2026,60,v4r,v3_saved,234,-0.06273426095743241,"[-0.14549871308902965, 0.01131527740972416]",1.256785033263417,0.0032298328366570104,"[-0.007571435766730229, 0.015933358387924635]"
audit_2026,60,v4r,v3_refit,234,-0.053726645367666845,"[-0.14873782747508363, 0.032914964480681305]",1.2477774176736514,0.002937033073155553,"[-0.008621430596531641, 0.016516650729360184]"
audit_2026,60,v4r,naive_previous_lab,234,-0.5956928084141245,"[-0.8210228726087109, -0.4033204084246798]",1.7897435807201088,,
audit_2026,60,naive_previous_lab,v3_saved,234,0.532958547456692,"[0.38562491079228445, 0.700541549458768]",1.256785033263417,,
audit_2026,60,naive_previous_lab,v3_refit,234,0.5419661630464575,"[0.40771786345462785, 0.6968712082517027]",1.2477774176736514,,
audit_2026,60,anchored_q21,v3_saved,234,0.07255734719185117,"[-0.029664767336837518, 0.18229794894548979]",1.256785033263417,,
audit_2026,60,anchored_q21,v3_refit,234,0.08156496278161673,"[-0.029130102452665903, 0.20155982506907966]",1.2477774176736514,,
audit_2026,60,anchored_q21,naive_previous_lab,234,-0.46040120026484094,"[-0.6966851710548628, -0.23101821802701406]",1.7897435807201088,,
audit_2026,60,anchored_pak,v3_saved,234,0.18918721489489213,"[0.07395022105201732, 0.3121484904265364]",1.256785033263417,,
audit_2026,60,anchored_pak,v3_refit,234,0.1981948304846577,"[0.08326866184228988, 0.32604600485783003]",1.2477774176736514,,
audit_2026,60,anchored_pak,naive_previous_lab,234,-0.3437713325617999,"[-0.5062980370434117, -0.15830951683570568]",1.7897435807201088,,
audit_2026,60,v3_saved,v3_refit,234,0.009007615589765563,"[-0.01898626509067036, 0.03643392365598244]",1.2477774176736514,-0.0002927997635014588,"[-0.0031219053729023296, 0.0024573434519663435]"
audit_2026,60,v3_saved,naive_previous_lab,234,-0.532958547456692,"[-0.7005415494587682, -0.38562491079228445]",1.7897435807201088,,
audit_2026,60,v3_refit,v3_saved,234,-0.009007615589765563,"[-0.036433923655982484, 0.018986265090670296]",1.256785033263417,0.0002927997635014588,"[-0.002457343451966347, 0.0031219053729023244]"
audit_2026,60,v3_refit,naive_previous_lab,234,-0.5419661630464575,"[-0.6968712082517029, -0.4077178634546282]",1.7897435807201088,,
audit_2026,60,hgb_fixed,v3_saved,234,-0.04506969326734861,"[-0.1517975173156946, 0.06613333684550239]",1.256785033263417,0.0044567435958997245,"[-0.007240622445066776, 0.016366469165482282]"
audit_2026,60,hgb_fixed,v3_refit,234,-0.03606207767758304,"[-0.15368732477358732, 0.08023464628578715]",1.2477774176736514,0.004163943832398264,"[-0.007360661158757695, 0.015883287316658255]"
audit_2026,60,hgb_fixed,naive_previous_lab,234,-0.5780282407240406,"[-0.8160373406840206, -0.3816669462608993]",1.7897435807201088,,
audit_2026,120,v4r,v3_saved,234,-0.05115363298152967,"[-0.15006319932534842, 0.03741405281922851]",1.3564734798281695,0.009026980937435716,"[-0.004423051468606407, 0.022765995219861383]"
audit_2026,120,v4r,v3_refit,234,-0.06328005299404742,"[-0.17249340310753317, 0.03377591271217971]",1.368599899840687,0.007251584262259977,"[-0.006323094510524814, 0.021685282100083633]"
audit_2026,120,v4r,naive_previous_lab,234,-0.4921160423808829,"[-0.7077286839699377, -0.2931411700799302]",1.7974358892275228,,
audit_2026,120,naive_previous_lab,v3_saved,234,0.4409624093993531,"[0.3029421512771836, 0.5905854230977321]",1.3564734798281695,,
audit_2026,120,naive_previous_lab,v3_refit,234,0.4288359893868353,"[0.29723933932732405, 0.5702889961260296]",1.368599899840687,,
audit_2026,120,anchored_q21,v3_saved,234,0.2797821295077442,"[0.14561413234669637, 0.4206822518073802]",1.3564734798281695,,
audit_2026,120,anchored_q21,v3_refit,234,0.2676557094952265,"[0.13526880255421822, 0.4096390494389012]",1.368599899840687,,
audit_2026,120,anchored_q21,naive_previous_lab,234,-0.16118027989160888,"[-0.3742234243365169, 0.07545889141763437]",1.7974358892275228,,
audit_2026,120,anchored_pak,v3_saved,234,0.2989704015368842,"[0.1855083953612509, 0.4266770136316067]",1.3564734798281695,,
audit_2026,120,anchored_pak,v3_refit,234,0.2868439815243664,"[0.17388968988719825, 0.41860565068124356]",1.368599899840687,,
audit_2026,120,anchored_pak,naive_previous_lab,234,-0.141992007862469,"[-0.3494032522106536, 0.08998434423330157]",1.7974358892275228,,
audit_2026,120,v3_saved,v3_refit,234,-0.012126420012517741,"[-0.04025232214996753, 0.013096184733722555]",1.368599899840687,-0.0017753966751757387,"[-0.005297763045452798, 0.002045200689125626]"
audit_2026,120,v3_saved,naive_previous_lab,234,-0.4409624093993531,"[-0.5905854230977322, -0.3029421512771836]",1.7974358892275228,,
audit_2026,120,v3_refit,v3_saved,234,0.012126420012517741,"[-0.013096184733722574, 0.04025232214996753]",1.3564734798281695,0.0017753966751757387,"[-0.0020452006891256264, 0.005297763045452792]"
audit_2026,120,v3_refit,naive_previous_lab,234,-0.4288359893868353,"[-0.5702889961260297, -0.29723933932732405]",1.7974358892275228,,
audit_2026,120,hgb_fixed,v3_saved,234,-0.1031625942875603,"[-0.2281617988019574, -0.006005932934834489]",1.3564734798281695,0.007417331033359628,"[-0.005956259417083411, 0.020714990450182193]"
audit_2026,120,hgb_fixed,v3_refit,234,-0.11528901430007803,"[-0.24264290248081033, -0.013468772011474001]",1.368599899840687,0.005641934358183889,"[-0.00759607843469063, 0.018629540003781052]"
audit_2026,120,hgb_fixed,naive_previous_lab,234,-0.5441250036869134,"[-0.7740553141861921, -0.3583178633479243]",1.7974358892275228,,
audit_2026,180,v4r,v3_saved,234,-0.013811163868731468,"[-0.11696144822882466, 0.07624328225086532]",1.4176188563378707,0.01154453184176811,"[-0.00044311686195067307, 0.023962530371484242]"
audit_2026,180,v4r,v3_refit,234,-0.015967433957626027,"[-0.10438618209870801, 0.06562661222204089]",1.4197751264267655,0.010879662274270861,"[-0.001334840006745581, 0.023258259373772728]"
audit_2026,180,v4r,naive_previous_lab,234,-0.3162777637022123,"[-0.5196926622162448, -0.14419470745295676]",1.7200854561713517,,
audit_2026,180,naive_previous_lab,v3_saved,234,0.3024665998334808,"[0.19649138349509337, 0.4239577647660791]",1.4176188563378707,,
audit_2026,180,naive_previous_lab,v3_refit,234,0.30031032974458627,"[0.17979223519183196, 0.4414932018447976]",1.4197751264267655,,
audit_2026,180,anchored_q21,v3_saved,234,0.33778622461791263,"[0.16951258248533016, 0.5187569187191418]",1.4176188563378707,,
audit_2026,180,anchored_q21,v3_refit,234,0.335629954529018,"[0.1787747003865087, 0.5012503552692233]",1.4197751264267655,,
audit_2026,180,anchored_q21,naive_previous_lab,234,0.03531962478443173,"[-0.2210425134455567, 0.28801242432137764]",1.7200854561713517,,
audit_2026,180,anchored_pak,v3_saved,234,0.3814854335063793,"[0.24607129797314858, 0.541595015178866]",1.4176188563378707,,
audit_2026,180,anchored_pak,v3_refit,234,0.37932916341748474,"[0.25021768966625846, 0.5311576007396401]",1.4197751264267655,,
audit_2026,180,anchored_pak,naive_previous_lab,234,0.07901883367289853,"[-0.11349641436287913, 0.2939939486360889]",1.7200854561713517,,
audit_2026,180,v3_saved,v3_refit,234,-0.002156270088894561,"[-0.024008150716750425, 0.024291836156792593]",1.4197751264267655,-0.0006648695674972457,"[-0.0023420903870622505, 0.000959780676454557]"
audit_2026,180,v3_saved,naive_previous_lab,234,-0.3024665998334808,"[-0.4239577647660791, -0.19649138349509343]",1.7200854561713517,,
audit_2026,180,v3_refit,v3_saved,234,0.002156270088894561,"[-0.024291836156792635, 0.02400815071675042]",1.4176188563378707,0.0006648695674972457,"[-0.000959780676454557, 0.00234209038706225]"
audit_2026,180,v3_refit,naive_previous_lab,234,-0.30031032974458627,"[-0.44149320184479784, -0.1797922351918321]",1.7200854561713517,,
audit_2026,180,hgb_fixed,v3_saved,234,-0.050398357337739126,"[-0.20423977891471112, 0.07609149852581029]",1.4176188563378707,0.008262369758078803,"[-0.004873501383868067, 0.021523882951932236]"
audit_2026,180,hgb_fixed,v3_refit,234,-0.05255462742663368,"[-0.20600800829288735, 0.06968643101841455]",1.4197751264267655,0.007597500190581557,"[-0.005146922161376161, 0.02010338116087391]"
audit_2026,180,hgb_fixed,naive_previous_lab,234,-0.3528649571712199,"[-0.5565912153960753, -0.19173342178449085]",1.7200854561713517,,
