year,horizon,cost_ratio,policy,threshold,n,events,tp,fp,fn,tn,recall,precision,false_alarm_rate,alarm_share,total_cost,cost_per_100
2025,0,1,logistic_empirical,0.43547196681750705,407,72,10,8,62,327,0.1388888888888889,0.5555555555555556,0.023880597014925373,0.044226044226044224,70.0,17.1990171990172
2025,0,1,logistic_bayes,0.5,407,72,8,5,64,330,0.1111111111111111,0.6153846153846154,0.014925373134328358,0.03194103194103194,69.0,16.953316953316953
2025,0,1,logistic_fixed_030,0.3,407,72,19,21,53,314,0.2638888888888889,0.475,0.0626865671641791,0.09828009828009827,74.0,18.181818181818183
2025,0,1,residual_bayes,0.5,407,72,15,12,57,323,0.20833333333333334,0.5555555555555556,0.03582089552238806,0.06633906633906633,69.0,16.953316953316953
2025,0,1,always_alarm,0.0,407,72,72,335,0,0,1.0,0.1769041769041769,1.0,1.0,335.0,82.30958230958231
2025,0,1,never_alarm,2.0,407,72,0,0,72,335,0.0,,0.0,0.0,72.0,17.69041769041769
2025,0,2,logistic_empirical,0.2734948135175814,407,72,25,24,47,311,0.3472222222222222,0.5102040816326531,0.07164179104477612,0.12039312039312039,118.0,28.992628992628994
2025,0,2,logistic_bayes,0.3333333333333333,407,72,17,16,55,319,0.2361111111111111,0.5151515151515151,0.04776119402985075,0.08108108108108109,126.0,30.95823095823096
2025,0,2,logistic_fixed_030,0.3,407,72,19,21,53,314,0.2638888888888889,0.475,0.0626865671641791,0.09828009828009827,127.0,31.203931203931205
2025,0,2,residual_bayes,0.3333333333333333,407,72,31,27,41,308,0.4305555555555556,0.5344827586206896,0.08059701492537313,0.14250614250614252,109.0,26.78132678132678
2025,0,2,always_alarm,0.0,407,72,72,335,0,0,1.0,0.1769041769041769,1.0,1.0,335.0,82.30958230958231
2025,0,2,never_alarm,2.0,407,72,0,0,72,335,0.0,,0.0,0.0,144.0,35.38083538083538
2025,0,5,logistic_empirical,0.19287855341100044,407,72,47,70,25,265,0.6527777777777778,0.4017094017094017,0.208955223880597,0.28746928746928746,195.0,47.91154791154791
2025,0,5,logistic_bayes,0.16666666666666666,407,72,52,100,20,235,0.7222222222222222,0.34210526315789475,0.29850746268656714,0.37346437346437344,200.0,49.14004914004914
2025,0,5,logistic_fixed_030,0.3,407,72,19,21,53,314,0.2638888888888889,0.475,0.0626865671641791,0.09828009828009827,286.0,70.27027027027027
2025,0,5,residual_bayes,0.16666666666666666,407,72,50,92,22,243,0.6944444444444444,0.352112676056338,0.2746268656716418,0.3488943488943489,202.0,49.631449631449634
2025,0,5,always_alarm,0.0,407,72,72,335,0,0,1.0,0.1769041769041769,1.0,1.0,335.0,82.30958230958231
2025,0,5,never_alarm,2.0,407,72,0,0,72,335,0.0,,0.0,0.0,360.0,88.45208845208845
2025,0,10,logistic_empirical,0.19287855341100044,407,72,47,70,25,265,0.6527777777777778,0.4017094017094017,0.208955223880597,0.28746928746928746,320.0,78.62407862407862
2025,0,10,logistic_bayes,0.09090909090909091,407,72,63,201,9,134,0.875,0.23863636363636365,0.6,0.6486486486486487,291.0,71.49877149877149
2025,0,10,logistic_fixed_030,0.3,407,72,19,21,53,314,0.2638888888888889,0.475,0.0626865671641791,0.09828009828009827,551.0,135.38083538083538
2025,0,10,residual_bayes,0.09090909090909091,407,72,60,160,12,175,0.8333333333333334,0.2727272727272727,0.47761194029850745,0.5405405405405406,280.0,68.7960687960688
2025,0,10,always_alarm,0.0,407,72,72,335,0,0,1.0,0.1769041769041769,1.0,1.0,335.0,82.30958230958231
2025,0,10,never_alarm,2.0,407,72,0,0,72,335,0.0,,0.0,0.0,720.0,176.9041769041769
2025,0,20,logistic_empirical,0.09642163479361295,407,72,62,192,10,143,0.8611111111111112,0.2440944881889764,0.573134328358209,0.6240786240786241,392.0,96.31449631449631
2025,0,20,logistic_bayes,0.047619047619047616,407,72,66,268,6,67,0.9166666666666666,0.19760479041916168,0.8,0.8206388206388207,388.0,95.33169533169533
2025,0,20,logistic_fixed_030,0.3,407,72,19,21,53,314,0.2638888888888889,0.475,0.0626865671641791,0.09828009828009827,1081.0,265.6019656019656
2025,0,20,residual_bayes,0.047619047619047616,407,72,64,254,8,81,0.8888888888888888,0.20125786163522014,0.7582089552238805,0.7813267813267813,414.0,101.71990171990173
2025,0,20,always_alarm,0.0,407,72,72,335,0,0,1.0,0.1769041769041769,1.0,1.0,335.0,82.30958230958231
2025,0,20,never_alarm,2.0,407,72,0,0,72,335,0.0,,0.0,0.0,1440.0,353.8083538083538
2025,0,50,logistic_empirical,4.702938262683624e-05,407,72,70,334,2,1,0.9722222222222222,0.17326732673267325,0.9970149253731343,0.9926289926289926,434.0,106.63390663390663
2025,0,50,logistic_bayes,0.0196078431372549,407,72,68,305,4,30,0.9444444444444444,0.18230563002680966,0.9104477611940298,0.9164619164619164,505.0,124.07862407862409
2025,0,50,logistic_fixed_030,0.3,407,72,19,21,53,314,0.2638888888888889,0.475,0.0626865671641791,0.09828009828009827,2671.0,656.2653562653563
2025,0,50,residual_bayes,0.0196078431372549,407,72,68,310,4,25,0.9444444444444444,0.17989417989417988,0.9253731343283582,0.9287469287469288,510.0,125.30712530712532
2025,0,50,always_alarm,0.0,407,72,72,335,0,0,1.0,0.1769041769041769,1.0,1.0,335.0,82.30958230958231
2025,0,50,never_alarm,2.0,407,72,0,0,72,335,0.0,,0.0,0.0,3600.0,884.5208845208845
2025,60,1,logistic_empirical,0.9407226494001523,409,72,0,0,72,337,0.0,,0.0,0.0,72.0,17.6039119804401
2025,60,1,logistic_bayes,0.5,409,72,3,5,69,332,0.041666666666666664,0.375,0.01483679525222552,0.019559902200488997,74.0,18.09290953545232
2025,60,1,logistic_fixed_030,0.3,409,72,8,18,64,319,0.1111111111111111,0.3076923076923077,0.05341246290801187,0.06356968215158924,82.0,20.048899755501225
2025,60,1,residual_bayes,0.5,409,72,5,6,67,331,0.06944444444444445,0.45454545454545453,0.017804154302670624,0.02689486552567237,73.0,17.84841075794621
2025,60,1,always_alarm,0.0,409,72,72,337,0,0,1.0,0.17603911980440098,1.0,1.0,337.0,82.3960880195599
2025,60,1,never_alarm,2.0,409,72,0,0,72,337,0.0,,0.0,0.0,72.0,17.6039119804401
2025,60,2,logistic_empirical,0.2872469626651988,409,72,12,20,60,317,0.16666666666666666,0.375,0.05934718100890208,0.07823960880195599,140.0,34.229828850855746
2025,60,2,logistic_bayes,0.3333333333333333,409,72,8,10,64,327,0.1111111111111111,0.4444444444444444,0.02967359050445104,0.044009779951100246,138.0,33.74083129584352
2025,60,2,logistic_fixed_030,0.3,409,72,8,18,64,319,0.1111111111111111,0.3076923076923077,0.05341246290801187,0.06356968215158924,146.0,35.69682151589242
2025,60,2,residual_bayes,0.3333333333333333,409,72,9,12,63,325,0.125,0.42857142857142855,0.03560830860534125,0.05134474327628362,138.0,33.74083129584352
2025,60,2,always_alarm,0.0,409,72,72,337,0,0,1.0,0.17603911980440098,1.0,1.0,337.0,82.3960880195599
2025,60,2,never_alarm,2.0,409,72,0,0,72,337,0.0,,0.0,0.0,144.0,35.2078239608802
2025,60,5,logistic_empirical,0.27489697674314656,409,72,14,23,58,314,0.19444444444444445,0.3783783783783784,0.06824925816023739,0.09046454767726161,313.0,76.5281173594132
2025,60,5,logistic_bayes,0.16666666666666666,409,72,41,101,31,236,0.5694444444444444,0.2887323943661972,0.2997032640949555,0.3471882640586797,256.0,62.59168704156479
2025,60,5,logistic_fixed_030,0.3,409,72,8,18,64,319,0.1111111111111111,0.3076923076923077,0.05341246290801187,0.06356968215158924,338.0,82.64058679706602
2025,60,5,residual_bayes,0.16666666666666666,409,72,33,61,39,276,0.4583333333333333,0.35106382978723405,0.18100890207715134,0.22982885085574573,256.0,62.59168704156479
2025,60,5,always_alarm,0.0,409,72,72,337,0,0,1.0,0.17603911980440098,1.0,1.0,337.0,82.3960880195599
2025,60,5,never_alarm,2.0,409,72,0,0,72,337,0.0,,0.0,0.0,360.0,88.01955990220048
2025,60,10,logistic_empirical,0.11307113928779447,409,72,61,185,11,152,0.8472222222222222,0.24796747967479674,0.5489614243323442,0.6014669926650367,295.0,72.12713936430319
2025,60,10,logistic_bayes,0.09090909090909091,409,72,65,222,7,115,0.9027777777777778,0.2264808362369338,0.658753709198813,0.7017114914425427,292.0,71.39364303178483
2025,60,10,logistic_fixed_030,0.3,409,72,8,18,64,319,0.1111111111111111,0.3076923076923077,0.05341246290801187,0.06356968215158924,658.0,160.880195599022
2025,60,10,residual_bayes,0.09090909090909091,409,72,49,145,23,192,0.6805555555555556,0.25257731958762886,0.43026706231454004,0.4743276283618582,375.0,91.68704156479217
2025,60,10,always_alarm,0.0,409,72,72,337,0,0,1.0,0.17603911980440098,1.0,1.0,337.0,82.3960880195599
2025,60,10,never_alarm,2.0,409,72,0,0,72,337,0.0,,0.0,0.0,720.0,176.03911980440097
2025,60,20,logistic_empirical,0.09480441713685182,409,72,65,212,7,125,0.9027777777777778,0.23465703971119134,0.629080118694362,0.6772616136919315,352.0,86.06356968215158
2025,60,20,logistic_bayes,0.047619047619047616,409,72,66,283,6,54,0.9166666666666666,0.18911174785100288,0.8397626112759644,0.8533007334963325,403.0,98.53300733496333
2025,60,20,logistic_fixed_030,0.3,409,72,8,18,64,319,0.1111111111111111,0.3076923076923077,0.05341246290801187,0.06356968215158924,1298.0,317.359413202934
2025,60,20,residual_bayes,0.047619047619047616,409,72,65,237,7,100,0.9027777777777778,0.2152317880794702,0.7032640949554896,0.7383863080684596,377.0,92.1760391198044
2025,60,20,always_alarm,0.0,409,72,72,337,0,0,1.0,0.17603911980440098,1.0,1.0,337.0,82.3960880195599
2025,60,20,never_alarm,2.0,409,72,0,0,72,337,0.0,,0.0,0.0,1440.0,352.07823960880194
2025,60,50,logistic_empirical,0.0008831980084815796,409,72,71,332,1,5,0.9861111111111112,0.1761786600496278,0.9851632047477745,0.9853300733496333,382.0,93.39853300733496
2025,60,50,logistic_bayes,0.0196078431372549,409,72,68,311,4,26,0.9444444444444444,0.17941952506596306,0.9228486646884273,0.9266503667481663,511.0,124.93887530562347
2025,60,50,logistic_fixed_030,0.3,409,72,8,18,64,319,0.1111111111111111,0.3076923076923077,0.05341246290801187,0.06356968215158924,3218.0,786.79706601467
2025,60,50,residual_bayes,0.0196078431372549,409,72,68,301,4,36,0.9444444444444444,0.1842818428184282,0.8931750741839762,0.902200488997555,501.0,122.49388753056235
2025,60,50,always_alarm,0.0,409,72,72,337,0,0,1.0,0.17603911980440098,1.0,1.0,337.0,82.3960880195599
2025,60,50,never_alarm,2.0,409,72,0,0,72,337,0.0,,0.0,0.0,3600.0,880.1955990220049
2025,120,1,logistic_empirical,0.4511039673409241,412,73,0,1,73,338,0.0,0.0,0.0029498525073746312,0.0024271844660194173,74.0,17.96116504854369
2025,120,1,logistic_bayes,0.5,412,73,0,1,73,338,0.0,0.0,0.0029498525073746312,0.0024271844660194173,74.0,17.96116504854369
2025,120,1,logistic_fixed_030,0.3,412,73,8,5,65,334,0.1095890410958904,0.6153846153846154,0.014749262536873156,0.03155339805825243,70.0,16.990291262135923
2025,120,1,residual_bayes,0.5,412,73,4,3,69,336,0.0547945205479452,0.5714285714285714,0.008849557522123894,0.01699029126213592,72.0,17.475728155339805
2025,120,1,always_alarm,0.0,412,73,73,339,0,0,1.0,0.17718446601941748,1.0,1.0,339.0,82.28155339805825
2025,120,1,never_alarm,2.0,412,73,0,0,73,339,0.0,,0.0,0.0,73.0,17.718446601941746
2025,120,2,logistic_empirical,0.4511039673409241,412,73,0,1,73,338,0.0,0.0,0.0029498525073746312,0.0024271844660194173,147.0,35.67961165048544
2025,120,2,logistic_bayes,0.3333333333333333,412,73,5,5,68,334,0.0684931506849315,0.5,0.014749262536873156,0.024271844660194174,141.0,34.22330097087379
2025,120,2,logistic_fixed_030,0.3,412,73,8,5,65,334,0.1095890410958904,0.6153846153846154,0.014749262536873156,0.03155339805825243,135.0,32.76699029126214
2025,120,2,residual_bayes,0.3333333333333333,412,73,8,5,65,334,0.1095890410958904,0.6153846153846154,0.014749262536873156,0.03155339805825243,135.0,32.76699029126214
2025,120,2,always_alarm,0.0,412,73,73,339,0,0,1.0,0.17718446601941748,1.0,1.0,339.0,82.28155339805825
2025,120,2,never_alarm,2.0,412,73,0,0,73,339,0.0,,0.0,0.0,146.0,35.43689320388349
2025,120,5,logistic_empirical,0.2548108005021733,412,73,12,24,61,315,0.1643835616438356,0.3333333333333333,0.07079646017699115,0.08737864077669903,329.0,79.85436893203884
2025,120,5,logistic_bayes,0.16666666666666666,412,73,42,140,31,199,0.5753424657534246,0.23076923076923078,0.41297935103244837,0.441747572815534,295.0,71.60194174757282
2025,120,5,logistic_fixed_030,0.3,412,73,8,5,65,334,0.1095890410958904,0.6153846153846154,0.014749262536873156,0.03155339805825243,330.0,80.09708737864078
2025,120,5,residual_bayes,0.16666666666666666,412,73,25,52,48,287,0.3424657534246575,0.3246753246753247,0.15339233038348082,0.18689320388349515,292.0,70.87378640776699
2025,120,5,always_alarm,0.0,412,73,73,339,0,0,1.0,0.17718446601941748,1.0,1.0,339.0,82.28155339805825
2025,120,5,never_alarm,2.0,412,73,0,0,73,339,0.0,,0.0,0.0,365.0,88.59223300970875
2025,120,10,logistic_empirical,0.23032455774103822,412,73,18,37,55,302,0.2465753424657534,0.32727272727272727,0.10914454277286136,0.13349514563106796,587.0,142.4757281553398
2025,120,10,logistic_bayes,0.09090909090909091,412,73,64,267,9,72,0.8767123287671232,0.1933534743202417,0.7876106194690266,0.8033980582524272,357.0,86.6504854368932
2025,120,10,logistic_fixed_030,0.3,412,73,8,5,65,334,0.1095890410958904,0.6153846153846154,0.014749262536873156,0.03155339805825243,655.0,158.98058252427185
2025,120,10,residual_bayes,0.09090909090909091,412,73,44,150,29,189,0.6027397260273972,0.2268041237113402,0.4424778761061947,0.470873786407767,440.0,106.79611650485437
2025,120,10,always_alarm,0.0,412,73,73,339,0,0,1.0,0.17718446601941748,1.0,1.0,339.0,82.28155339805825
2025,120,10,never_alarm,2.0,412,73,0,0,73,339,0.0,,0.0,0.0,730.0,177.1844660194175
2025,120,20,logistic_empirical,0.11362989257385489,412,73,61,239,12,100,0.8356164383561644,0.20333333333333334,0.7050147492625368,0.7281553398058253,479.0,116.2621359223301
2025,120,20,logistic_bayes,0.047619047619047616,412,73,68,309,5,30,0.9315068493150684,0.18037135278514588,0.911504424778761,0.9150485436893204,409.0,99.27184466019418
2025,120,20,logistic_fixed_030,0.3,412,73,8,5,65,334,0.1095890410958904,0.6153846153846154,0.014749262536873156,0.03155339805825243,1305.0,316.74757281553394
2025,120,20,residual_bayes,0.047619047619047616,412,73,58,234,15,105,0.7945205479452054,0.19863013698630136,0.6902654867256637,0.7087378640776699,534.0,129.6116504854369
2025,120,20,always_alarm,0.0,412,73,73,339,0,0,1.0,0.17718446601941748,1.0,1.0,339.0,82.28155339805825
2025,120,20,never_alarm,2.0,412,73,0,0,73,339,0.0,,0.0,0.0,1460.0,354.368932038835
2025,120,50,logistic_empirical,0.014165065738037714,412,73,72,327,1,12,0.9863013698630136,0.18045112781954886,0.9646017699115044,0.9684466019417476,377.0,91.50485436893204
2025,120,50,logistic_bayes,0.0196078431372549,412,73,70,323,3,16,0.958904109589041,0.178117048346056,0.9528023598820059,0.9538834951456311,473.0,114.80582524271846
2025,120,50,logistic_fixed_030,0.3,412,73,8,5,65,334,0.1095890410958904,0.6153846153846154,0.014749262536873156,0.03155339805825243,3255.0,790.0485436893204
2025,120,50,residual_bayes,0.0196078431372549,412,73,69,311,4,28,0.9452054794520548,0.18157894736842106,0.9174041297935103,0.9223300970873787,511.0,124.02912621359224
2025,120,50,always_alarm,0.0,412,73,73,339,0,0,1.0,0.17718446601941748,1.0,1.0,339.0,82.28155339805825
2025,120,50,never_alarm,2.0,412,73,0,0,73,339,0.0,,0.0,0.0,3650.0,885.9223300970873
2025,180,1,logistic_empirical,0.46291402329334425,411,72,0,0,72,339,0.0,,0.0,0.0,72.0,17.51824817518248
2025,180,1,logistic_bayes,0.5,411,72,0,0,72,339,0.0,,0.0,0.0,72.0,17.51824817518248
2025,180,1,logistic_fixed_030,0.3,411,72,1,3,71,336,0.013888888888888888,0.25,0.008849557522123894,0.009732360097323601,74.0,18.004866180048662
2025,180,1,residual_bayes,0.5,411,72,0,0,72,339,0.0,,0.0,0.0,72.0,17.51824817518248
2025,180,1,always_alarm,0.0,411,72,72,339,0,0,1.0,0.17518248175182483,1.0,1.0,339.0,82.48175182481752
2025,180,1,never_alarm,2.0,411,72,0,0,72,339,0.0,,0.0,0.0,72.0,17.51824817518248
2025,180,2,logistic_empirical,0.38962878696142783,411,72,0,2,72,337,0.0,0.0,0.0058997050147492625,0.004866180048661801,146.0,35.523114355231144
2025,180,2,logistic_bayes,0.3333333333333333,411,72,0,2,72,337,0.0,0.0,0.0058997050147492625,0.004866180048661801,146.0,35.523114355231144
2025,180,2,logistic_fixed_030,0.3,411,72,1,3,71,336,0.013888888888888888,0.25,0.008849557522123894,0.009732360097323601,145.0,35.27980535279806
2025,180,2,residual_bayes,0.3333333333333333,411,72,1,1,71,338,0.013888888888888888,0.5,0.0029498525073746312,0.004866180048661801,143.0,34.79318734793188
2025,180,2,always_alarm,0.0,411,72,72,339,0,0,1.0,0.17518248175182483,1.0,1.0,339.0,82.48175182481752
2025,180,2,never_alarm,2.0,411,72,0,0,72,339,0.0,,0.0,0.0,144.0,35.03649635036496
2025,180,5,logistic_empirical,0.29475974957842055,411,72,1,3,71,336,0.013888888888888888,0.25,0.008849557522123894,0.009732360097323601,358.0,87.10462287104623
2025,180,5,logistic_bayes,0.16666666666666666,411,72,38,155,34,184,0.5277777777777778,0.19689119170984457,0.45722713864306785,0.46958637469586373,325.0,79.07542579075427
2025,180,5,logistic_fixed_030,0.3,411,72,1,3,71,336,0.013888888888888888,0.25,0.008849557522123894,0.009732360097323601,358.0,87.10462287104623
2025,180,5,residual_bayes,0.16666666666666666,411,72,8,15,64,324,0.1111111111111111,0.34782608695652173,0.04424778761061947,0.05596107055961071,335.0,81.50851581508516
2025,180,5,always_alarm,0.0,411,72,72,339,0,0,1.0,0.17518248175182483,1.0,1.0,339.0,82.48175182481752
2025,180,5,never_alarm,2.0,411,72,0,0,72,339,0.0,,0.0,0.0,360.0,87.59124087591242
2025,180,10,logistic_empirical,0.18495477290242113,411,72,25,81,47,258,0.3472222222222222,0.2358490566037736,0.23893805309734514,0.25790754257907544,551.0,134.0632603406326
2025,180,10,logistic_bayes,0.09090909090909091,411,72,69,304,3,35,0.9583333333333334,0.18498659517426275,0.8967551622418879,0.9075425790754258,334.0,81.26520681265207
2025,180,10,logistic_fixed_030,0.3,411,72,1,3,71,336,0.013888888888888888,0.25,0.008849557522123894,0.009732360097323601,713.0,173.4793187347932
2025,180,10,residual_bayes,0.09090909090909091,411,72,32,113,40,226,0.4444444444444444,0.2206896551724138,0.3333333333333333,0.35279805352798055,513.0,124.81751824817518
2025,180,10,always_alarm,0.0,411,72,72,339,0,0,1.0,0.17518248175182483,1.0,1.0,339.0,82.48175182481752
2025,180,10,never_alarm,2.0,411,72,0,0,72,339,0.0,,0.0,0.0,720.0,175.18248175182484
2025,180,20,logistic_empirical,0.15859325793878384,411,72,43,185,29,154,0.5972222222222222,0.18859649122807018,0.5457227138643068,0.5547445255474452,765.0,186.13138686131387
2025,180,20,logistic_bayes,0.047619047619047616,411,72,71,327,1,12,0.9861111111111112,0.17839195979899497,0.9646017699115044,0.9683698296836983,347.0,84.42822384428223
2025,180,20,logistic_fixed_030,0.3,411,72,1,3,71,336,0.013888888888888888,0.25,0.008849557522123894,0.009732360097323601,1423.0,346.2287104622871
2025,180,20,residual_bayes,0.047619047619047616,411,72,52,211,20,128,0.7222222222222222,0.19771863117870722,0.6224188790560472,0.6399026763990268,611.0,148.661800486618
2025,180,20,always_alarm,0.0,411,72,72,339,0,0,1.0,0.17518248175182483,1.0,1.0,339.0,82.48175182481752
2025,180,20,never_alarm,2.0,411,72,0,0,72,339,0.0,,0.0,0.0,1440.0,350.3649635036497
2025,180,50,logistic_empirical,0.055434954932169635,411,72,70,321,2,18,0.9722222222222222,0.17902813299232737,0.9469026548672567,0.9513381995133819,421.0,102.4330900243309
2025,180,50,logistic_bayes,0.0196078431372549,411,72,71,337,1,2,0.9861111111111112,0.17401960784313725,0.9941002949852508,0.9927007299270073,387.0,94.16058394160584
2025,180,50,logistic_fixed_030,0.3,411,72,1,3,71,336,0.013888888888888888,0.25,0.008849557522123894,0.009732360097323601,3553.0,864.4768856447689
2025,180,50,residual_bayes,0.0196078431372549,411,72,70,314,2,25,0.9722222222222222,0.18229166666666666,0.9262536873156342,0.9343065693430657,414.0,100.72992700729928
2025,180,50,always_alarm,0.0,411,72,72,339,0,0,1.0,0.17518248175182483,1.0,1.0,339.0,82.48175182481752
2025,180,50,never_alarm,2.0,411,72,0,0,72,339,0.0,,0.0,0.0,3600.0,875.9124087591241
2026,0,1,logistic_empirical,0.43547196681750705,235,35,0,5,35,195,0.0,0.0,0.025,0.02127659574468085,40.0,17.02127659574468
2026,0,1,logistic_bayes,0.5,235,35,0,4,35,196,0.0,0.0,0.02,0.01702127659574468,39.0,16.595744680851062
2026,0,1,logistic_fixed_030,0.3,235,35,7,7,28,193,0.2,0.5,0.035,0.059574468085106386,35.0,14.893617021276595
2026,0,1,residual_bayes,0.5,235,35,5,6,30,194,0.14285714285714285,0.45454545454545453,0.03,0.04680851063829787,36.0,15.319148936170212
2026,0,1,always_alarm,0.0,235,35,35,200,0,0,1.0,0.14893617021276595,1.0,1.0,200.0,85.1063829787234
2026,0,1,never_alarm,2.0,235,35,0,0,35,200,0.0,,0.0,0.0,35.0,14.893617021276595
2026,0,1,active_runtime,0.25,235,35,19,20,16,180,0.5428571428571428,0.48717948717948717,0.1,0.16595744680851063,36.0,15.319148936170212
2026,0,1,active_bayes,0.5,235,35,3,6,32,194,0.08571428571428572,0.3333333333333333,0.03,0.03829787234042553,38.0,16.170212765957448
2026,0,2,logistic_empirical,0.2734948135175814,235,35,14,10,21,190,0.4,0.5833333333333334,0.05,0.10212765957446808,52.0,22.127659574468083
2026,0,2,logistic_bayes,0.3333333333333333,235,35,4,6,31,194,0.11428571428571428,0.4,0.03,0.0425531914893617,68.0,28.936170212765955
2026,0,2,logistic_fixed_030,0.3,235,35,7,7,28,193,0.2,0.5,0.035,0.059574468085106386,63.0,26.80851063829787
2026,0,2,residual_bayes,0.3333333333333333,235,35,15,11,20,189,0.42857142857142855,0.5769230769230769,0.055,0.11063829787234042,51.0,21.70212765957447
2026,0,2,always_alarm,0.0,235,35,35,200,0,0,1.0,0.14893617021276595,1.0,1.0,200.0,85.1063829787234
2026,0,2,never_alarm,2.0,235,35,0,0,35,200,0.0,,0.0,0.0,70.0,29.78723404255319
2026,0,2,active_runtime,0.25,235,35,19,20,16,180,0.5428571428571428,0.48717948717948717,0.1,0.16595744680851063,52.0,22.127659574468083
2026,0,2,active_bayes,0.3333333333333333,235,35,15,11,20,189,0.42857142857142855,0.5769230769230769,0.055,0.11063829787234042,51.0,21.70212765957447
2026,0,5,logistic_empirical,0.19287855341100044,235,35,27,45,8,155,0.7714285714285715,0.375,0.225,0.30638297872340425,85.0,36.17021276595745
2026,0,5,logistic_bayes,0.16666666666666666,235,35,31,69,4,131,0.8857142857142857,0.31,0.345,0.425531914893617,89.0,37.87234042553192
2026,0,5,logistic_fixed_030,0.3,235,35,7,7,28,193,0.2,0.5,0.035,0.059574468085106386,147.0,62.5531914893617
2026,0,5,residual_bayes,0.16666666666666666,235,35,26,43,9,157,0.7428571428571429,0.37681159420289856,0.215,0.2936170212765957,88.0,37.4468085106383
2026,0,5,always_alarm,0.0,235,35,35,200,0,0,1.0,0.14893617021276595,1.0,1.0,200.0,85.1063829787234
2026,0,5,never_alarm,2.0,235,35,0,0,35,200,0.0,,0.0,0.0,175.0,74.46808510638297
2026,0,5,active_runtime,0.25,235,35,19,20,16,180,0.5428571428571428,0.48717948717948717,0.1,0.16595744680851063,100.0,42.5531914893617
2026,0,5,active_bayes,0.16666666666666666,235,35,25,42,10,158,0.7142857142857143,0.373134328358209,0.21,0.2851063829787234,92.0,39.148936170212764
2026,0,10,logistic_empirical,0.19287855341100044,235,35,27,45,8,155,0.7714285714285715,0.375,0.225,0.30638297872340425,125.0,53.191489361702125
2026,0,10,logistic_bayes,0.09090909090909091,235,35,34,155,1,45,0.9714285714285714,0.17989417989417988,0.775,0.8042553191489362,165.0,70.2127659574468
2026,0,10,logistic_fixed_030,0.3,235,35,7,7,28,193,0.2,0.5,0.035,0.059574468085106386,287.0,122.1276595744681
2026,0,10,residual_bayes,0.09090909090909091,235,35,32,106,3,94,0.9142857142857143,0.2318840579710145,0.53,0.5872340425531914,136.0,57.87234042553191
2026,0,10,always_alarm,0.0,235,35,35,200,0,0,1.0,0.14893617021276595,1.0,1.0,200.0,85.1063829787234
2026,0,10,never_alarm,2.0,235,35,0,0,35,200,0.0,,0.0,0.0,350.0,148.93617021276594
2026,0,10,active_runtime,0.25,235,35,19,20,16,180,0.5428571428571428,0.48717948717948717,0.1,0.16595744680851063,180.0,76.59574468085107
2026,0,10,active_bayes,0.09090909090909091,235,35,32,103,3,97,0.9142857142857143,0.23703703703703705,0.515,0.574468085106383,133.0,56.59574468085107
2026,0,20,logistic_empirical,0.09642163479361295,235,35,34,148,1,52,0.9714285714285714,0.18681318681318682,0.74,0.774468085106383,168.0,71.48936170212767
2026,0,20,logistic_bayes,0.047619047619047616,235,35,35,178,0,22,1.0,0.1643192488262911,0.89,0.9063829787234042,178.0,75.74468085106383
2026,0,20,logistic_fixed_030,0.3,235,35,7,7,28,193,0.2,0.5,0.035,0.059574468085106386,567.0,241.27659574468083
2026,0,20,residual_bayes,0.047619047619047616,235,35,34,152,1,48,0.9714285714285714,0.1827956989247312,0.76,0.7914893617021277,172.0,73.19148936170212
2026,0,20,always_alarm,0.0,235,35,35,200,0,0,1.0,0.14893617021276595,1.0,1.0,200.0,85.1063829787234
2026,0,20,never_alarm,2.0,235,35,0,0,35,200,0.0,,0.0,0.0,700.0,297.8723404255319
2026,0,20,active_runtime,0.25,235,35,19,20,16,180,0.5428571428571428,0.48717948717948717,0.1,0.16595744680851063,340.0,144.6808510638298
2026,0,20,active_bayes,0.047619047619047616,235,35,34,154,1,46,0.9714285714285714,0.18085106382978725,0.77,0.8,174.0,74.04255319148936
2026,0,50,logistic_empirical,4.702938262683624e-05,235,35,35,200,0,0,1.0,0.14893617021276595,1.0,1.0,200.0,85.1063829787234
2026,0,50,logistic_bayes,0.0196078431372549,235,35,35,191,0,9,1.0,0.15486725663716813,0.955,0.9617021276595744,191.0,81.27659574468085
2026,0,50,logistic_fixed_030,0.3,235,35,7,7,28,193,0.2,0.5,0.035,0.059574468085106386,1407.0,598.7234042553191
2026,0,50,residual_bayes,0.0196078431372549,235,35,35,180,0,20,1.0,0.16279069767441862,0.9,0.9148936170212766,180.0,76.59574468085107
2026,0,50,always_alarm,0.0,235,35,35,200,0,0,1.0,0.14893617021276595,1.0,1.0,200.0,85.1063829787234
2026,0,50,never_alarm,2.0,235,35,0,0,35,200,0.0,,0.0,0.0,1750.0,744.6808510638298
2026,0,50,active_runtime,0.25,235,35,19,20,16,180,0.5428571428571428,0.48717948717948717,0.1,0.16595744680851063,820.0,348.936170212766
2026,0,50,active_bayes,0.0196078431372549,235,35,35,184,0,16,1.0,0.1598173515981735,0.92,0.9319148936170213,184.0,78.29787234042553
2026,60,1,logistic_empirical,0.9407226494001523,236,34,0,0,34,202,0.0,,0.0,0.0,34.0,14.40677966101695
2026,60,1,logistic_bayes,0.5,236,34,0,0,34,202,0.0,,0.0,0.0,34.0,14.40677966101695
2026,60,1,logistic_fixed_030,0.3,236,34,4,9,30,193,0.11764705882352941,0.3076923076923077,0.04455445544554455,0.05508474576271186,39.0,16.52542372881356
2026,60,1,residual_bayes,0.5,236,34,3,5,31,197,0.08823529411764706,0.375,0.024752475247524754,0.03389830508474576,36.0,15.254237288135593
2026,60,1,always_alarm,0.0,236,34,34,202,0,0,1.0,0.1440677966101695,1.0,1.0,202.0,85.59322033898306
2026,60,1,never_alarm,2.0,236,34,0,0,34,202,0.0,,0.0,0.0,34.0,14.40677966101695
2026,60,1,active_runtime,0.2,236,34,19,46,15,156,0.5588235294117647,0.2923076923076923,0.22772277227722773,0.2754237288135593,61.0,25.847457627118644
2026,60,1,active_bayes,0.5,236,34,3,4,31,198,0.08823529411764706,0.42857142857142855,0.019801980198019802,0.029661016949152543,35.0,14.83050847457627
2026,60,2,logistic_empirical,0.2872469626651988,236,34,6,10,28,192,0.17647058823529413,0.375,0.04950495049504951,0.06779661016949153,66.0,27.966101694915253
2026,60,2,logistic_bayes,0.3333333333333333,236,34,3,6,31,196,0.08823529411764706,0.3333333333333333,0.0297029702970297,0.038135593220338986,68.0,28.8135593220339
2026,60,2,logistic_fixed_030,0.3,236,34,4,9,30,193,0.11764705882352941,0.3076923076923077,0.04455445544554455,0.05508474576271186,69.0,29.23728813559322
2026,60,2,residual_bayes,0.3333333333333333,236,34,16,29,18,173,0.47058823529411764,0.35555555555555557,0.14356435643564355,0.1906779661016949,65.0,27.54237288135593
2026,60,2,always_alarm,0.0,236,34,34,202,0,0,1.0,0.1440677966101695,1.0,1.0,202.0,85.59322033898306
2026,60,2,never_alarm,2.0,236,34,0,0,34,202,0.0,,0.0,0.0,68.0,28.8135593220339
2026,60,2,active_runtime,0.2,236,34,19,46,15,156,0.5588235294117647,0.2923076923076923,0.22772277227722773,0.2754237288135593,76.0,32.20338983050847
2026,60,2,active_bayes,0.3333333333333333,236,34,9,15,25,187,0.2647058823529412,0.375,0.07425742574257425,0.1016949152542373,65.0,27.54237288135593
2026,60,5,logistic_empirical,0.27489697674314656,236,34,7,12,27,190,0.20588235294117646,0.3684210526315789,0.0594059405940594,0.08050847457627118,147.0,62.28813559322034
2026,60,5,logistic_bayes,0.16666666666666666,236,34,23,77,11,125,0.6764705882352942,0.23,0.3811881188118812,0.423728813559322,132.0,55.932203389830505
2026,60,5,logistic_fixed_030,0.3,236,34,4,9,30,193,0.11764705882352941,0.3076923076923077,0.04455445544554455,0.05508474576271186,159.0,67.37288135593221
2026,60,5,residual_bayes,0.16666666666666666,236,34,23,95,11,107,0.6764705882352942,0.19491525423728814,0.47029702970297027,0.5,150.0,63.559322033898304
2026,60,5,always_alarm,0.0,236,34,34,202,0,0,1.0,0.1440677966101695,1.0,1.0,202.0,85.59322033898306
2026,60,5,never_alarm,2.0,236,34,0,0,34,202,0.0,,0.0,0.0,170.0,72.03389830508475
2026,60,5,active_runtime,0.2,236,34,19,46,15,156,0.5588235294117647,0.2923076923076923,0.22772277227722773,0.2754237288135593,121.0,51.271186440677965
2026,60,5,active_bayes,0.16666666666666666,236,34,22,65,12,137,0.6470588235294118,0.25287356321839083,0.3217821782178218,0.3686440677966102,125.0,52.96610169491526
2026,60,10,logistic_empirical,0.11307113928779447,236,34,31,144,3,58,0.9117647058823529,0.17714285714285713,0.7128712871287128,0.7415254237288136,174.0,73.72881355932203
2026,60,10,logistic_bayes,0.09090909090909091,236,34,31,159,3,43,0.9117647058823529,0.1631578947368421,0.7871287128712872,0.8050847457627118,189.0,80.08474576271186
2026,60,10,logistic_fixed_030,0.3,236,34,4,9,30,193,0.11764705882352941,0.3076923076923077,0.04455445544554455,0.05508474576271186,309.0,130.9322033898305
2026,60,10,residual_bayes,0.09090909090909091,236,34,30,148,4,54,0.8823529411764706,0.16853932584269662,0.7326732673267327,0.7542372881355932,188.0,79.66101694915254
2026,60,10,always_alarm,0.0,236,34,34,202,0,0,1.0,0.1440677966101695,1.0,1.0,202.0,85.59322033898306
2026,60,10,never_alarm,2.0,236,34,0,0,34,202,0.0,,0.0,0.0,340.0,144.0677966101695
2026,60,10,active_runtime,0.2,236,34,19,46,15,156,0.5588235294117647,0.2923076923076923,0.22772277227722773,0.2754237288135593,196.0,83.05084745762711
2026,60,10,active_bayes,0.09090909090909091,236,34,30,136,4,66,0.8823529411764706,0.18072289156626506,0.6732673267326733,0.7033898305084746,176.0,74.57627118644068
2026,60,20,logistic_empirical,0.09480441713685182,236,34,31,155,3,47,0.9117647058823529,0.16666666666666666,0.7673267326732673,0.788135593220339,215.0,91.10169491525424
2026,60,20,logistic_bayes,0.047619047619047616,236,34,33,184,1,18,0.9705882352941176,0.15207373271889402,0.9108910891089109,0.9194915254237288,204.0,86.4406779661017
2026,60,20,logistic_fixed_030,0.3,236,34,4,9,30,193,0.11764705882352941,0.3076923076923077,0.04455445544554455,0.05508474576271186,609.0,258.0508474576271
2026,60,20,residual_bayes,0.047619047619047616,236,34,32,169,2,33,0.9411764705882353,0.15920398009950248,0.8366336633663366,0.8516949152542372,209.0,88.5593220338983
2026,60,20,always_alarm,0.0,236,34,34,202,0,0,1.0,0.1440677966101695,1.0,1.0,202.0,85.59322033898306
2026,60,20,never_alarm,2.0,236,34,0,0,34,202,0.0,,0.0,0.0,680.0,288.135593220339
2026,60,20,active_runtime,0.2,236,34,19,46,15,156,0.5588235294117647,0.2923076923076923,0.22772277227722773,0.2754237288135593,346.0,146.61016949152543
2026,60,20,active_bayes,0.047619047619047616,236,34,31,162,3,40,0.9117647058823529,0.16062176165803108,0.801980198019802,0.8177966101694916,222.0,94.0677966101695
2026,60,50,logistic_empirical,0.0008831980084815796,236,34,34,201,0,1,1.0,0.14468085106382977,0.995049504950495,0.9957627118644068,201.0,85.16949152542372
2026,60,50,logistic_bayes,0.0196078431372549,236,34,34,194,0,8,1.0,0.14912280701754385,0.9603960396039604,0.9661016949152542,194.0,82.20338983050848
2026,60,50,logistic_fixed_030,0.3,236,34,4,9,30,193,0.11764705882352941,0.3076923076923077,0.04455445544554455,0.05508474576271186,1509.0,639.4067796610169
2026,60,50,residual_bayes,0.0196078431372549,236,34,34,192,0,10,1.0,0.1504424778761062,0.9504950495049505,0.9576271186440678,192.0,81.35593220338984
2026,60,50,always_alarm,0.0,236,34,34,202,0,0,1.0,0.1440677966101695,1.0,1.0,202.0,85.59322033898306
2026,60,50,never_alarm,2.0,236,34,0,0,34,202,0.0,,0.0,0.0,1700.0,720.3389830508474
2026,60,50,active_runtime,0.2,236,34,19,46,15,156,0.5588235294117647,0.2923076923076923,0.22772277227722773,0.2754237288135593,796.0,337.2881355932203
2026,60,50,active_bayes,0.0196078431372549,236,34,33,186,1,16,0.9705882352941176,0.1506849315068493,0.9207920792079208,0.9279661016949152,236.0,100.0
2026,120,1,logistic_empirical,0.4511039673409241,236,34,0,1,34,201,0.0,0.0,0.0049504950495049506,0.00423728813559322,35.0,14.83050847457627
2026,120,1,logistic_bayes,0.5,236,34,0,0,34,202,0.0,,0.0,0.0,34.0,14.40677966101695
2026,120,1,logistic_fixed_030,0.3,236,34,2,6,32,196,0.058823529411764705,0.25,0.0297029702970297,0.03389830508474576,38.0,16.101694915254235
2026,120,1,residual_bayes,0.5,236,34,5,15,29,187,0.14705882352941177,0.25,0.07425742574257425,0.0847457627118644,44.0,18.64406779661017
2026,120,1,always_alarm,0.0,236,34,34,202,0,0,1.0,0.1440677966101695,1.0,1.0,202.0,85.59322033898306
2026,120,1,never_alarm,2.0,236,34,0,0,34,202,0.0,,0.0,0.0,34.0,14.40677966101695
2026,120,1,active_runtime,0.25,236,34,11,33,23,169,0.3235294117647059,0.25,0.16336633663366337,0.1864406779661017,56.0,23.728813559322035
2026,120,1,active_bayes,0.5,236,34,2,4,32,198,0.058823529411764705,0.3333333333333333,0.019801980198019802,0.025423728813559324,36.0,15.254237288135593
2026,120,2,logistic_empirical,0.4511039673409241,236,34,0,1,34,201,0.0,0.0,0.0049504950495049506,0.00423728813559322,69.0,29.23728813559322
2026,120,2,logistic_bayes,0.3333333333333333,236,34,0,3,34,199,0.0,0.0,0.01485148514851485,0.012711864406779662,71.0,30.08474576271186
2026,120,2,logistic_fixed_030,0.3,236,34,2,6,32,196,0.058823529411764705,0.25,0.0297029702970297,0.03389830508474576,70.0,29.66101694915254
2026,120,2,residual_bayes,0.3333333333333333,236,34,11,32,23,170,0.3235294117647059,0.2558139534883721,0.15841584158415842,0.18220338983050846,78.0,33.05084745762712
2026,120,2,always_alarm,0.0,236,34,34,202,0,0,1.0,0.1440677966101695,1.0,1.0,202.0,85.59322033898306
2026,120,2,never_alarm,2.0,236,34,0,0,34,202,0.0,,0.0,0.0,68.0,28.8135593220339
2026,120,2,active_runtime,0.25,236,34,11,33,23,169,0.3235294117647059,0.25,0.16336633663366337,0.1864406779661017,79.0,33.47457627118644
2026,120,2,active_bayes,0.3333333333333333,236,34,7,20,27,182,0.20588235294117646,0.25925925925925924,0.09900990099009901,0.11440677966101695,74.0,31.35593220338983
2026,120,5,logistic_empirical,0.2548108005021733,236,34,6,19,28,183,0.17647058823529413,0.24,0.09405940594059406,0.1059322033898305,159.0,67.37288135593221
2026,120,5,logistic_bayes,0.16666666666666666,236,34,22,92,12,110,0.6470588235294118,0.19298245614035087,0.45544554455445546,0.4830508474576271,152.0,64.40677966101694
2026,120,5,logistic_fixed_030,0.3,236,34,2,6,32,196,0.058823529411764705,0.25,0.0297029702970297,0.03389830508474576,166.0,70.33898305084746
2026,120,5,residual_bayes,0.16666666666666666,236,34,21,108,13,94,0.6176470588235294,0.16279069767441862,0.5346534653465347,0.5466101694915254,173.0,73.30508474576271
2026,120,5,always_alarm,0.0,236,34,34,202,0,0,1.0,0.1440677966101695,1.0,1.0,202.0,85.59322033898306
2026,120,5,never_alarm,2.0,236,34,0,0,34,202,0.0,,0.0,0.0,170.0,72.03389830508475
2026,120,5,active_runtime,0.25,236,34,11,33,23,169,0.3235294117647059,0.25,0.16336633663366337,0.1864406779661017,148.0,62.71186440677966
2026,120,5,active_bayes,0.16666666666666666,236,34,19,68,15,134,0.5588235294117647,0.21839080459770116,0.33663366336633666,0.3686440677966102,143.0,60.59322033898306
2026,120,10,logistic_empirical,0.23032455774103822,236,34,11,28,23,174,0.3235294117647059,0.28205128205128205,0.13861386138613863,0.1652542372881356,258.0,109.32203389830508
2026,120,10,logistic_bayes,0.09090909090909091,236,34,31,177,3,25,0.9117647058823529,0.14903846153846154,0.8762376237623762,0.8813559322033898,207.0,87.71186440677965
2026,120,10,logistic_fixed_030,0.3,236,34,2,6,32,196,0.058823529411764705,0.25,0.0297029702970297,0.03389830508474576,326.0,138.135593220339
2026,120,10,residual_bayes,0.09090909090909091,236,34,31,161,3,41,0.9117647058823529,0.16145833333333334,0.7970297029702971,0.8135593220338984,191.0,80.9322033898305
2026,120,10,always_alarm,0.0,236,34,34,202,0,0,1.0,0.1440677966101695,1.0,1.0,202.0,85.59322033898306
2026,120,10,never_alarm,2.0,236,34,0,0,34,202,0.0,,0.0,0.0,340.0,144.0677966101695
2026,120,10,active_runtime,0.25,236,34,11,33,23,169,0.3235294117647059,0.25,0.16336633663366337,0.1864406779661017,263.0,111.44067796610169
2026,120,10,active_bayes,0.09090909090909091,236,34,28,140,6,62,0.8235294117647058,0.16666666666666666,0.693069306930693,0.711864406779661,200.0,84.7457627118644
2026,120,20,logistic_empirical,0.11362989257385489,236,34,31,162,3,40,0.9117647058823529,0.16062176165803108,0.801980198019802,0.8177966101694916,222.0,94.0677966101695
2026,120,20,logistic_bayes,0.047619047619047616,236,34,33,196,1,6,0.9705882352941176,0.14410480349344978,0.9702970297029703,0.9703389830508474,216.0,91.52542372881356
2026,120,20,logistic_fixed_030,0.3,236,34,2,6,32,196,0.058823529411764705,0.25,0.0297029702970297,0.03389830508474576,646.0,273.728813559322
2026,120,20,residual_bayes,0.047619047619047616,236,34,32,185,2,17,0.9411764705882353,0.14746543778801843,0.9158415841584159,0.9194915254237288,225.0,95.33898305084746
2026,120,20,always_alarm,0.0,236,34,34,202,0,0,1.0,0.1440677966101695,1.0,1.0,202.0,85.59322033898306
2026,120,20,never_alarm,2.0,236,34,0,0,34,202,0.0,,0.0,0.0,680.0,288.135593220339
2026,120,20,active_runtime,0.25,236,34,11,33,23,169,0.3235294117647059,0.25,0.16336633663366337,0.1864406779661017,493.0,208.89830508474577
2026,120,20,active_bayes,0.047619047619047616,236,34,31,177,3,25,0.9117647058823529,0.14903846153846154,0.8762376237623762,0.8813559322033898,237.0,100.42372881355932
2026,120,50,logistic_empirical,0.014165065738037714,236,34,34,201,0,1,1.0,0.14468085106382977,0.995049504950495,0.9957627118644068,201.0,85.16949152542372
2026,120,50,logistic_bayes,0.0196078431372549,236,34,34,200,0,2,1.0,0.1452991452991453,0.9900990099009901,0.9915254237288136,200.0,84.7457627118644
2026,120,50,logistic_fixed_030,0.3,236,34,2,6,32,196,0.058823529411764705,0.25,0.0297029702970297,0.03389830508474576,1606.0,680.5084745762712
2026,120,50,residual_bayes,0.0196078431372549,236,34,34,194,0,8,1.0,0.14912280701754385,0.9603960396039604,0.9661016949152542,194.0,82.20338983050848
2026,120,50,always_alarm,0.0,236,34,34,202,0,0,1.0,0.1440677966101695,1.0,1.0,202.0,85.59322033898306
2026,120,50,never_alarm,2.0,236,34,0,0,34,202,0.0,,0.0,0.0,1700.0,720.3389830508474
2026,120,50,active_runtime,0.25,236,34,11,33,23,169,0.3235294117647059,0.25,0.16336633663366337,0.1864406779661017,1183.0,501.2711864406779
2026,120,50,active_bayes,0.0196078431372549,236,34,34,193,0,9,1.0,0.14977973568281938,0.9554455445544554,0.961864406779661,193.0,81.77966101694916
2026,180,1,logistic_empirical,0.46291402329334425,236,34,0,0,34,202,0.0,,0.0,0.0,34.0,14.40677966101695
2026,180,1,logistic_bayes,0.5,236,34,0,0,34,202,0.0,,0.0,0.0,34.0,14.40677966101695
2026,180,1,logistic_fixed_030,0.3,236,34,0,1,34,201,0.0,0.0,0.0049504950495049506,0.00423728813559322,35.0,14.83050847457627
2026,180,1,residual_bayes,0.5,236,34,1,5,33,197,0.029411764705882353,0.16666666666666666,0.024752475247524754,0.025423728813559324,38.0,16.101694915254235
2026,180,1,always_alarm,0.0,236,34,34,202,0,0,1.0,0.1440677966101695,1.0,1.0,202.0,85.59322033898306
2026,180,1,never_alarm,2.0,236,34,0,0,34,202,0.0,,0.0,0.0,34.0,14.40677966101695
2026,180,1,active_runtime,0.2,236,34,12,45,22,157,0.35294117647058826,0.21052631578947367,0.22277227722772278,0.24152542372881355,67.0,28.389830508474578
2026,180,1,active_bayes,0.5,236,34,0,0,34,202,0.0,,0.0,0.0,34.0,14.40677966101695
2026,180,2,logistic_empirical,0.38962878696142783,236,34,0,0,34,202,0.0,,0.0,0.0,68.0,28.8135593220339
2026,180,2,logistic_bayes,0.3333333333333333,236,34,0,0,34,202,0.0,,0.0,0.0,68.0,28.8135593220339
2026,180,2,logistic_fixed_030,0.3,236,34,0,1,34,201,0.0,0.0,0.0049504950495049506,0.00423728813559322,69.0,29.23728813559322
2026,180,2,residual_bayes,0.3333333333333333,236,34,11,34,23,168,0.3235294117647059,0.24444444444444444,0.16831683168316833,0.1906779661016949,80.0,33.89830508474576
2026,180,2,always_alarm,0.0,236,34,34,202,0,0,1.0,0.1440677966101695,1.0,1.0,202.0,85.59322033898306
2026,180,2,never_alarm,2.0,236,34,0,0,34,202,0.0,,0.0,0.0,68.0,28.8135593220339
2026,180,2,active_runtime,0.2,236,34,12,45,22,157,0.35294117647058826,0.21052631578947367,0.22277227722772278,0.24152542372881355,89.0,37.71186440677966
2026,180,2,active_bayes,0.3333333333333333,236,34,1,7,33,195,0.029411764705882353,0.125,0.034653465346534656,0.03389830508474576,73.0,30.93220338983051
2026,180,5,logistic_empirical,0.29475974957842055,236,34,0,1,34,201,0.0,0.0,0.0049504950495049506,0.00423728813559322,171.0,72.45762711864407
2026,180,5,logistic_bayes,0.16666666666666666,236,34,20,98,14,104,0.5882352941176471,0.1694915254237288,0.48514851485148514,0.5,168.0,71.1864406779661
2026,180,5,logistic_fixed_030,0.3,236,34,0,1,34,201,0.0,0.0,0.0049504950495049506,0.00423728813559322,171.0,72.45762711864407
2026,180,5,residual_bayes,0.16666666666666666,236,34,23,114,11,88,0.6764705882352942,0.1678832116788321,0.5643564356435643,0.5805084745762712,169.0,71.61016949152543
2026,180,5,always_alarm,0.0,236,34,34,202,0,0,1.0,0.1440677966101695,1.0,1.0,202.0,85.59322033898306
2026,180,5,never_alarm,2.0,236,34,0,0,34,202,0.0,,0.0,0.0,170.0,72.03389830508475
2026,180,5,active_runtime,0.2,236,34,12,45,22,157,0.35294117647058826,0.21052631578947367,0.22277227722772278,0.24152542372881355,155.0,65.67796610169492
2026,180,5,active_bayes,0.16666666666666666,236,34,18,71,16,131,0.5294117647058824,0.20224719101123595,0.35148514851485146,0.3771186440677966,151.0,63.983050847457626
2026,180,10,logistic_empirical,0.18495477290242113,236,34,14,52,20,150,0.4117647058823529,0.21212121212121213,0.25742574257425743,0.2796610169491525,252.0,106.77966101694916
2026,180,10,logistic_bayes,0.09090909090909091,236,34,31,193,3,9,0.9117647058823529,0.13839285714285715,0.9554455445544554,0.9491525423728814,223.0,94.49152542372882
2026,180,10,logistic_fixed_030,0.3,236,34,0,1,34,201,0.0,0.0,0.0049504950495049506,0.00423728813559322,341.0,144.4915254237288
2026,180,10,residual_bayes,0.09090909090909091,236,34,29,165,5,37,0.8529411764705882,0.14948453608247422,0.8168316831683168,0.8220338983050848,215.0,91.10169491525424
2026,180,10,always_alarm,0.0,236,34,34,202,0,0,1.0,0.1440677966101695,1.0,1.0,202.0,85.59322033898306
2026,180,10,never_alarm,2.0,236,34,0,0,34,202,0.0,,0.0,0.0,340.0,144.0677966101695
2026,180,10,active_runtime,0.2,236,34,12,45,22,157,0.35294117647058826,0.21052631578947367,0.22277227722772278,0.24152542372881355,265.0,112.28813559322033
2026,180,10,active_bayes,0.09090909090909091,236,34,26,136,8,66,0.7647058823529411,0.16049382716049382,0.6732673267326733,0.6864406779661016,216.0,91.52542372881356
2026,180,20,logistic_empirical,0.15859325793878384,236,34,23,118,11,84,0.6764705882352942,0.16312056737588654,0.5841584158415841,0.597457627118644,338.0,143.22033898305085
2026,180,20,logistic_bayes,0.047619047619047616,236,34,33,200,1,2,0.9705882352941176,0.14163090128755365,0.9900990099009901,0.9872881355932204,220.0,93.22033898305084
2026,180,20,logistic_fixed_030,0.3,236,34,0,1,34,201,0.0,0.0,0.0049504950495049506,0.00423728813559322,681.0,288.5593220338983
2026,180,20,residual_bayes,0.047619047619047616,236,34,30,182,4,20,0.8823529411764706,0.14150943396226415,0.900990099009901,0.8983050847457628,262.0,111.01694915254237
2026,180,20,always_alarm,0.0,236,34,34,202,0,0,1.0,0.1440677966101695,1.0,1.0,202.0,85.59322033898306
2026,180,20,never_alarm,2.0,236,34,0,0,34,202,0.0,,0.0,0.0,680.0,288.135593220339
2026,180,20,active_runtime,0.2,236,34,12,45,22,157,0.35294117647058826,0.21052631578947367,0.22277227722772278,0.24152542372881355,485.0,205.5084745762712
2026,180,20,active_bayes,0.047619047619047616,236,34,30,179,4,23,0.8823529411764706,0.14354066985645933,0.8861386138613861,0.885593220338983,259.0,109.7457627118644
2026,180,50,logistic_empirical,0.055434954932169635,236,34,33,199,1,3,0.9705882352941176,0.14224137931034483,0.9851485148514851,0.9830508474576272,249.0,105.5084745762712
2026,180,50,logistic_bayes,0.0196078431372549,236,34,34,202,0,0,1.0,0.1440677966101695,1.0,1.0,202.0,85.59322033898306
2026,180,50,logistic_fixed_030,0.3,236,34,0,1,34,201,0.0,0.0,0.0049504950495049506,0.00423728813559322,1701.0,720.7627118644067
2026,180,50,residual_bayes,0.0196078431372549,236,34,32,192,2,10,0.9411764705882353,0.14285714285714285,0.9504950495049505,0.9491525423728814,292.0,123.72881355932203
2026,180,50,always_alarm,0.0,236,34,34,202,0,0,1.0,0.1440677966101695,1.0,1.0,202.0,85.59322033898306
2026,180,50,never_alarm,2.0,236,34,0,0,34,202,0.0,,0.0,0.0,1700.0,720.3389830508474
2026,180,50,active_runtime,0.2,236,34,12,45,22,157,0.35294117647058826,0.21052631578947367,0.22277227722772278,0.24152542372881355,1145.0,485.1694915254237
2026,180,50,active_bayes,0.0196078431372549,236,34,32,192,2,10,0.9411764705882353,0.14285714285714285,0.9504950495049505,0.9491525423728814,292.0,123.72881355932203
