horizon,origin,target,accepted,probability,residual_probability
0,2026-01-01 10:00:00,8.899999618530273,True,0.16954831133770795,0.1659604942396029
0,2026-01-02 10:00:00,9.100000381469727,True,0.2064567536959054,0.21285370649786806
0,2026-01-03 10:00:00,10.600000381469727,True,0.20466446734070318,0.23203441334574026
0,2026-01-03 14:58:15,8.699999809265137,True,0.14576250147094696,0.1254789234413758
0,2026-01-04 10:00:00,8.100000381469727,True,0.12212241082533525,0.08537612435973374
0,2026-01-04 18:00:00,6.800000190734863,True,0.09745017453638477,0.06093657924550022
0,2026-01-05 10:00:00,7.900000095367432,True,0.11243277444041165,0.04954595281301877
0,2026-01-05 22:00:00,8.600000381469727,True,0.18593493187489674,0.12426592252544344
0,2026-01-06 10:00:00,10.5,True,0.24205707101805887,0.26102954563646585
0,2026-01-06 16:00:00,8.899999618530273,True,0.1474773716844979,0.10358862554764603
0,2026-01-07 10:00:00,7.099999904632568,True,0.0908632119590801,0.046979184975928456
0,2026-01-08 10:00:00,8.199999809265137,True,0.22523988770603176,0.16334757064270033
0,2026-01-09 18:00:00,13.0,False,0.11643986754565962,0.10260271685183797
0,2026-01-09 21:00:00,2.0,True,0.012751191805849632,0.01437656582394975
0,2026-01-10 10:00:00,6.599999904632568,True,0.03894820398286434,0.017471857625526943
0,2026-01-11 10:00:00,8.800000190734863,True,0.11509333024659858,0.04809694657033725
0,2026-01-12 10:00:00,12.0,True,0.2746408885311408,0.4513283119680368
0,2026-01-12 16:00:00,9.800000190734863,True,0.13633162600681095,0.1995600126224194
0,2026-01-13 10:00:00,9.0,True,0.14328025897003768,0.12286107709843841
0,2026-01-13 22:00:00,11.100000381469727,True,0.2177555763363455,0.24978601949209445
0,2026-01-14 10:00:00,8.899999618530273,True,0.23622445209090445,0.33262883102033836
0,2026-01-15 10:00:00,9.5,True,0.1760708139356633,0.13428176895158195
0,2026-01-16 10:00:00,9.399999618530273,True,0.2388866777322854,0.27103997140222724
0,2026-01-17 10:00:00,9.899999618530273,True,0.24200769253176854,0.2938636350112558
0,2026-01-18 10:00:00,9.199999809265137,True,0.19282594016962962,0.1385016368012686
0,2026-01-18 14:30:00,9.600000381469727,True,0.19758886562063513,0.12649334744169216
0,2026-01-18 22:00:00,7.099999904632568,True,0.19598764607502994,0.13342859814496655
0,2026-01-19 10:00:00,7.599999904632568,True,0.17984090799389435,0.08910130694672325
0,2026-01-19 17:44:10,7.0,True,0.09635209968994173,0.04307066988218089
0,2026-01-19 22:00:00,9.899999618530273,True,0.16158388152871483,0.10018657879389825
0,2026-01-20 05:30:00,7.099999904632568,True,0.081382751094503,0.045243318686811196
0,2026-01-20 10:00:00,8.0,True,0.09206446740577505,0.04362032092786228
0,2026-01-21 10:00:00,9.899999618530273,True,0.26735405620448566,0.33703598317116057
0,2026-01-22 10:00:00,9.199999809265137,True,0.22503947343171937,0.29121712045306525
0,2026-01-23 10:00:00,8.5,True,0.20766813327715752,0.2543702457980488
0,2026-01-24 10:00:00,9.600000381469727,True,0.14236125894372736,0.1390939853581643
0,2026-01-25 10:00:00,7.400000095367432,True,0.12347169721759174,0.08148424972549861
0,2026-01-26 10:00:00,8.199999809265137,True,0.1875941106838798,0.14851250833050478
0,2026-01-27 10:00:00,8.0,True,0.17414351015552088,0.14006591263884194
0,2026-01-28 10:00:00,7.699999809265137,True,0.1645091766068871,0.11759899240336658
0,2026-01-29 10:00:00,9.0,True,0.15603094600678172,0.13266600863087996
0,2026-01-30 10:00:00,8.5,True,0.15091245283229351,0.12272451104610504
0,2026-01-31 10:00:00,8.699999809265137,True,0.16572391080423385,0.1298497114221766
0,2026-02-01 10:00:00,9.0,True,0.15785299568597935,0.14221496419026658
0,2026-02-02 10:00:00,9.199999809265137,True,0.14561283699620975,0.14194174651616487
0,2026-02-03 10:00:00,8.399999618530273,True,0.09726558378497605,0.07283654285783903
0,2026-02-04 10:00:00,9.800000190734863,True,0.20458272041197628,0.2433172449509784
0,2026-02-05 10:00:00,8.899999618530273,True,0.1668486090724123,0.15356371791184265
0,2026-02-06 10:00:00,6.400000095367432,True,0.03884209576912739,0.018907462877684966
0,2026-02-07 10:00:00,7.0,True,0.07917698512296273,0.021180700355908133
0,2026-02-08 10:00:00,9.899999618530273,True,0.24541676750129562,0.1746456614538764
0,2026-02-09 10:00:00,10.300000190734863,True,0.24693042975104784,0.23487596759073726
0,2026-02-10 10:00:00,9.100000381469727,True,0.2417785533192988,0.26896456421570003
0,2026-02-11 10:00:00,8.699999809265137,True,0.16177173404391298,0.09846234846708635
0,2026-02-12 10:00:00,7.699999809265137,True,0.13800231687984063,0.08903759839407399
0,2026-02-13 10:00:00,8.899999618530273,True,0.1311079416602919,0.0741257479228441
0,2026-02-14 10:00:00,7.699999809265137,True,0.1307414878116008,0.07907159379371409
0,2026-02-15 10:00:00,8.199999809265137,True,0.1728180612534942,0.13197659167646336
0,2026-02-16 10:00:00,7.800000190734863,True,0.09879076287295338,0.052122145460716474
0,2026-02-17 10:00:00,8.0,True,0.11110614454696653,0.055520082162276996
0,2026-02-18 10:00:00,8.800000190734863,True,0.19661615737790214,0.1402687263853234
0,2026-02-19 10:00:00,9.5,True,0.21782607350582955,0.217796519816992
0,2026-02-20 10:00:00,7.400000095367432,True,0.11268948014618982,0.07517535060486913
0,2026-02-21 10:00:00,7.400000095367432,True,0.09076979978379328,0.04515900984430987
0,2026-02-22 10:00:00,7.800000190734863,True,0.11715403244057847,0.0567677696299721
0,2026-02-23 10:00:00,10.399999618530273,True,0.1881724792839792,0.1524852137877487
0,2026-02-24 10:00:00,8.0,True,0.1413359915209458,0.11038428105369968
0,2026-02-25 10:00:00,9.100000381469727,True,0.12372816385894156,0.08065863006598606
0,2026-02-26 10:00:00,8.699999809265137,True,0.12585311031982716,0.08917762420697462
0,2026-02-27 10:00:00,8.899999618530273,True,0.14003479254196824,0.10649058981060189
0,2026-02-28 10:00:00,8.600000381469727,True,0.15558381407781305,0.11621611790656827
0,2026-03-01 10:00:00,9.899999618530273,True,0.18844881215232306,0.1600090692306413
0,2026-03-02 10:00:00,8.199999809265137,False,0.09635943902852397,0.07197949920502433
0,2026-03-03 10:00:00,10.199999809265137,True,0.280283923678821,0.3399035419515829
0,2026-03-04 13:30:00,2.700000047683716,False,0.00042998596307392277,0.010210082427540734
0,2026-03-04 16:30:00,8.100000381469727,True,0.009694964854853785,0.017775703057582692
0,2026-03-05 10:00:00,6.0,True,0.06008744982417764,0.026230084954597
0,2026-03-06 10:00:00,8.5,True,0.14161306347590305,0.06819563551979635
0,2026-03-07 10:00:00,8.899999618530273,True,0.1598180343891843,0.10352170089931845
0,2026-03-08 10:00:00,7.599999904632568,True,0.09452636826150372,0.04913349119040922
0,2026-03-09 10:00:00,8.399999618530273,True,0.116940119133547,0.052385021201418636
0,2026-03-10 10:00:00,8.100000381469727,True,0.11311665608866396,0.07174967290573797
0,2026-03-10 22:00:00,7.300000190734863,True,0.0909567578104144,0.04772713935017514
0,2026-03-11 14:30:00,7.199999809265137,False,0.03964400202815623,0.018899648267703406
0,2026-03-12 10:00:00,8.300000190734863,True,0.12673144168033015,0.05896854211835034
0,2026-03-13 10:00:00,8.800000190734863,True,0.09330012362408253,0.047143100036908914
0,2026-03-14 10:00:00,9.0,True,0.22730989588215614,0.24661906871534744
0,2026-03-15 10:00:00,8.800000190734863,True,0.14836656857144764,0.10697517090671138
0,2026-03-15 15:00:00,9.100000381469727,True,0.15315739689582064,0.11305920476248132
0,2026-03-15 22:00:00,8.5,True,0.1540370387916979,0.12024585665436527
0,2026-03-16 10:00:00,7.599999904632568,True,0.789981303860001,0.9746311549990274
0,2026-03-16 22:00:00,8.100000381469727,True,0.2657411644876311,0.24819180625803983
0,2026-03-17 10:00:00,12.800000190734863,True,0.19568228588191763,0.12849623578848846
0,2026-03-17 16:00:00,9.600000381469727,True,0.18276932294126016,0.19178119713832753
0,2026-03-17 22:00:00,8.699999809265137,True,0.18546712694129452,0.17979973491290713
0,2026-03-19 10:00:00,8.5,True,0.13414857979660333,0.07352840064695432
0,2026-03-20 10:00:00,7.400000095367432,True,0.16189710549021122,0.10554959203728165
0,2026-03-21 10:00:00,6.800000190734863,True,0.06090299119884981,0.02719487643859697
0,2026-03-22 10:00:00,8.199999809265137,True,0.12169802082707443,0.060044059410720996
0,2026-03-23 10:00:00,7.699999809265137,True,0.07195709953593568,0.03946687559692785
0,2026-03-24 10:00:00,9.199999809265137,True,0.12980100116717075,0.07740046741948603
0,2026-03-25 10:00:00,8.300000190734863,True,0.12477350483784329,0.08666389627244397
0,2026-03-26 10:00:00,7.5,True,0.09276930967678335,0.048226252799768554
0,2026-03-27 10:00:00,7.199999809265137,True,0.0833666755129924,0.04470162588565563
0,2026-03-28 10:00:00,7.800000190734863,True,0.06565479307816997,0.03066537047327078
0,2026-03-29 10:00:00,9.0,True,0.1304156472315946,0.07730237275977148
0,2026-03-30 10:00:00,7.099999904632568,True,0.051504986534623494,0.02229487435062083
0,2026-03-31 10:00:00,7.800000190734863,True,0.0519940788260193,0.019941574210809887
0,2026-04-01 10:00:00,9.899999618530273,True,0.18665388960253687,0.14082616651491453
0,2026-04-02 10:00:00,7.099999904632568,True,0.2557723658993622,0.2662682199589943
0,2026-04-03 10:00:00,9.100000381469727,True,0.16591570582602327,0.10386345648622208
0,2026-04-04 10:00:00,8.800000190734863,True,0.13375988842631703,0.08842804072348809
0,2026-04-04 16:00:00,5.5,True,0.10314311144232677,0.046371047369141216
0,2026-04-05 10:00:00,10.0,True,0.19887828433633178,0.12919433035043215
0,2026-04-06 10:00:00,9.699999809265137,True,0.1642901822745194,0.1534155055438633
0,2026-04-07 10:00:00,8.300000190734863,True,0.17971832252948225,0.1592604368177576
0,2026-04-08 10:00:00,9.399999618530273,True,0.24386921792897195,0.3196062692517557
0,2026-04-09 03:00:00,8.199999809265137,True,0.12102472519482252,0.09016154985656188
0,2026-04-09 10:00:00,7.699999809265137,True,0.09959261660384654,0.05368729589244947
0,2026-04-10 02:00:00,5.699999809265137,True,0.03204114573785321,0.01888864556314196
0,2026-04-10 10:00:00,7.900000095367432,True,0.11984324470483995,0.05636306116712553
0,2026-04-11 10:00:00,8.199999809265137,True,0.1376708192704795,0.08400636631556935
0,2026-04-12 10:00:00,9.199999809265137,True,0.17274882300462752,0.12385462716395612
0,2026-04-13 10:00:00,7.400000095367432,True,0.13409828394925621,0.09209998053783008
0,2026-04-14 10:00:00,7.199999809265137,True,0.050192177355544564,0.01975047947089459
0,2026-04-27 15:30:00,14.300000190734863,True,0.184644706576138,0.09035551730378555
0,2026-04-27 17:30:00,5.900000095367432,True,0.18617338116237184,0.09067425114730987
0,2026-04-27 22:00:00,1.2000000476837158,True,0.7929855318806045,0.9591035857337916
0,2026-04-28 06:00:00,0.5,False,6.743760534490359e-08,0.010000000000000009
0,2026-04-28 10:00:00,0.8999999761581421,False,8.61434155068429e-08,0.010000000000000009
0,2026-04-28 22:00:00,3.4000000953674316,False,4.481901149863846e-08,0.010000000000000009
0,2026-04-29 06:00:00,7.199999809265137,False,0.0076149186235523955,0.013463090623174634
0,2026-04-29 10:00:00,8.100000381469727,False,0.03494949721341977,0.017294343808791024
0,2026-04-29 20:00:00,11.5,True,0.3945493216079077,0.34419208298603976
0,2026-04-30 10:00:00,7.0,True,0.0500394428678615,0.03196613759585443
0,2026-04-30 16:00:00,11.5,True,0.19190455234630227,0.12957139171940857
0,2026-04-30 20:00:00,5.099999904632568,True,0.19193266762849137,0.1997539241476871
0,2026-05-01 10:00:00,7.900000095367432,True,0.022406824624396644,0.01766368862441059
0,2026-05-02 10:00:00,7.599999904632568,True,0.07245729029712507,0.04296236848066737
0,2026-05-03 10:00:00,7.699999809265137,True,0.10497849899337296,0.054887383154830105
0,2026-05-04 10:00:00,13.899999618530273,True,0.3059122018722297,0.42864727489607324
0,2026-05-04 14:00:00,20.299999237060547,True,0.05764601621656053,0.0408948601038982
0,2026-05-04 16:30:00,9.5,True,0.15605369590317542,0.19089334441762484
0,2026-05-05 00:01:00,9.699999809265137,True,0.08858479921188656,0.058299037218181415
0,2026-05-05 10:00:00,4.900000095367432,True,0.044970062388515246,0.021130860371039506
0,2026-05-07 09:30:00,7.800000190734863,True,0.16752481329803634,0.09478885844432594
0,2026-05-08 10:00:00,4.0,True,0.05969522737587859,0.02311166853758917
0,2026-05-08 23:50:00,8.399999618530273,True,0.8445767370125495,0.9459271825789919
0,2026-05-09 10:00:00,4.099999904632568,True,0.11564259739673809,0.053700635972876665
0,2026-05-09 18:30:00,3.9000000953674316,True,0.3490072188404714,0.18726587937828187
0,2026-05-09 22:00:00,3.200000047683716,True,0.007809665728748054,0.015215586161718142
0,2026-05-10 10:00:00,6.099999904632568,True,0.0059146952302684365,0.014006787969762402
0,2026-05-11 10:00:00,9.0,True,0.0328845505326653,0.018107366489534482
0,2026-05-12 10:00:00,9.899999618530273,True,0.07776869654068644,0.033152069311989885
0,2026-05-12 18:00:00,9.5,True,0.030756282008721072,0.019040942068684896
0,2026-05-13 10:00:00,4.599999904632568,True,0.003593263299316974,0.01510925302844024
0,2026-05-14 03:00:00,6.699999809265137,True,0.03308364836728262,0.01889659928930998
0,2026-05-14 10:00:00,12.0,True,0.20297557573941438,0.16871900387142413
0,2026-05-15 10:00:00,11.899999618530273,True,0.2899524157389122,0.5319933525288527
0,2026-05-15 15:00:00,7.099999904632568,True,0.1288688110335835,0.11513338365802872
0,2026-05-16 10:00:00,9.699999809265137,True,0.14968999235911515,0.08702449888357855
0,2026-05-18 11:00:00,5.0,True,0.6604031396721808,0.8606335058429434
0,2026-05-19 11:30:00,9.0,True,0.024498370559722166,0.018198033350147136
0,2026-05-20 10:00:00,11.0,True,0.2117733984044627,0.2641470920520257
0,2026-05-20 16:30:00,6.0,True,0.07211595187511868,0.04531710419707835
0,2026-05-21 10:00:00,10.0,True,0.21010579700564555,0.14157583192382717
0,2026-05-22 10:00:00,10.899999618530273,True,0.3679932322334871,0.5849947861518764
0,2026-05-22 12:00:00,9.100000381469727,True,0.20262976976653777,0.23333185240227694
0,2026-05-23 09:35:00,10.800000190734863,True,0.22979041974131414,0.3034382898613097
0,2026-05-24 10:00:00,9.5,True,0.2759915854575902,0.4837150025918401
0,2026-05-25 05:00:00,11.300000190734863,True,0.3239716696831664,0.5424098789754828
0,2026-05-25 10:00:00,8.199999809265137,True,0.09881258695196465,0.10144022354879323
0,2026-05-25 14:00:00,10.100000381469727,True,0.31427680272878117,0.46392282343607183
0,2026-05-26 10:00:00,9.399999618530273,True,0.19531438751427146,0.2608819449413725
0,2026-05-27 05:00:00,10.699999809265137,True,0.11786776047237267,0.12760501131671054
0,2026-05-27 10:00:00,6.0,True,0.09031532978575035,0.06566604078155014
0,2026-05-28 10:00:00,8.699999809265137,True,0.14591430854278417,0.08261108744903933
0,2026-05-29 10:00:00,8.100000381469727,True,0.12236728786894974,0.0864371887361205
0,2026-05-30 10:00:00,9.199999809265137,True,0.21659102482282935,0.207945036659279
0,2026-05-31 10:00:00,9.100000381469727,True,0.20541983441060868,0.20599942903279156
0,2026-06-01 10:00:00,10.0,True,0.21899560059326562,0.26312963957652247
0,2026-06-02 10:00:00,8.899999618530273,True,0.14548718910650363,0.12736067603521672
0,2026-06-03 10:00:00,9.300000190734863,True,0.18092208861387005,0.15149662840675282
0,2026-06-03 20:00:00,9.0,True,0.17351754620969057,0.14799427806980003
0,2026-06-04 10:00:00,8.699999809265137,True,0.17275692935183606,0.13745247348662804
0,2026-06-05 10:00:00,8.5,True,0.2007424259518332,0.22389494549780486
0,2026-06-06 10:00:00,10.5,True,0.26341217465144645,0.33138403262654725
0,2026-06-07 10:00:00,9.399999618530273,True,0.1630881636696876,0.15393275482410562
0,2026-06-07 16:15:00,10.800000190734863,True,0.2930973808172673,0.45144929736065154
0,2026-06-08 10:00:00,9.699999809265137,True,0.20226479466260294,0.26063701699370856
0,2026-06-08 17:00:00,7.599999904632568,True,0.4417325313410324,0.6974764722142005
0,2026-06-08 22:00:00,6.699999809265137,True,0.15669765954846546,0.12374119685651785
0,2026-06-09 10:00:00,5.599999904632568,True,0.12072344339258985,0.07340815532539957
0,2026-06-09 17:00:00,6.800000190734863,True,0.07763799028278187,0.037034458740903164
0,2026-06-10 10:00:00,10.399999618530273,True,0.12334636418918228,0.05522802788698766
0,2026-06-10 14:30:00,9.800000190734863,True,0.22680113042846123,0.23107766786128858
0,2026-06-11 10:00:00,9.699999809265137,True,0.2213416274245775,0.19369434303400723
0,2026-06-12 10:00:00,9.699999809265137,True,0.28190158213330624,0.45042779900180274
0,2026-06-13 10:00:00,8.600000381469727,True,0.16122143848309956,0.15333459250616022
0,2026-06-14 10:00:00,9.399999618530273,True,0.1672198964816869,0.14689601121107954
0,2026-06-15 10:00:00,9.800000190734863,True,0.20602753126417203,0.23912150008447108
0,2026-06-16 04:00:00,8.300000190734863,True,0.13165303849718862,0.10254697911090482
0,2026-06-17 09:00:00,2.0999999046325684,True,0.011154336956195285,0.01652250794458998
0,2026-06-17 10:00:00,0.30000001192092896,True,0.005639829813401491,0.016006597941879974
0,2026-06-17 14:00:00,0.10000000149011612,False,0.00022832201693659418,0.010000000000000009
0,2026-06-17 22:00:00,2.700000047683716,False,0.0002633028449732781,0.010000000000000009
0,2026-07-02 12:00:00,4.099999904632568,False,0.00028381817841322384,0.010000000000000009
0,2026-07-02 20:00:00,1.100000023841858,False,6.0949505045217245e-05,0.010000000000000009
0,2026-07-03 13:00:00,2.299999952316284,False,0.00013987004576108302,0.010000000000000009
0,2026-07-03 18:00:00,16.100000381469727,True,0.3373921490927115,0.302271569216495
0,2026-07-03 21:00:00,13.800000190734863,True,0.2355964531307869,0.11690533630054167
0,2026-07-04 00:00:00,7.099999904632568,True,0.09554330676761669,0.039460405515844066
0,2026-07-04 04:00:00,3.700000047683716,True,0.3252973134160751,0.6484685672218771
0,2026-07-04 10:00:00,3.200000047683716,True,0.0029148582585081144,0.010000000000000009
0,2026-07-05 10:00:00,4.800000190734863,True,0.02100430655577675,0.015328737411009707
0,2026-07-06 10:00:00,6.5,True,0.028728261213287733,0.016316011481677828
0,2026-07-07 10:00:00,5.699999809265137,True,0.04404090837354217,0.017918788250210316
0,2026-07-08 10:00:00,5.300000190734863,True,0.01178449566159595,0.01625609237093628
0,2026-07-09 10:00:00,9.600000381469727,True,0.1425687705725402,0.0615508610246579
0,2026-07-10 10:00:00,8.0,True,0.08017277812243033,0.04229075338424526
0,2026-07-11 10:00:00,8.100000381469727,True,0.08300300888022971,0.04206402515977925
0,2026-07-12 10:00:00,11.600000381469727,True,0.26687036510054996,0.3902295408674218
0,2026-07-12 14:00:00,6.800000190734863,True,0.03609116900873525,0.01964360241828833
0,2026-07-13 10:00:00,7.900000095367432,True,0.10507799754803009,0.04945294078407925
0,2026-07-14 10:00:00,8.899999618530273,True,0.17617110525845756,0.13001326500256305
0,2026-07-15 10:00:00,10.300000190734863,True,0.1828345126891134,0.17806907523556248
0,2026-07-16 10:00:00,11.0,True,0.28487733456190484,0.48257367724950817
0,2026-07-17 10:00:00,9.100000381469727,True,0.22053840258597707,0.3001073994053123
0,2026-07-18 05:00:00,10.300000190734863,True,0.15727388751874125,0.13137207899587233
0,2026-07-18 10:00:00,12.399999618530273,True,0.40745013755668136,0.6658660871828195
0,2026-07-18 22:00:00,10.399999618530273,True,0.2825601832690408,0.5079497706254589
0,2026-07-19 10:00:00,9.100000381469727,True,0.2825017301227127,0.4876653537143524
0,2026-07-20 10:00:00,10.199999809265137,True,0.27699723885236444,0.4209168251104338
0,2026-07-21 10:00:00,8.100000381469727,True,0.1436012762818745,0.11827341554941384
0,2026-07-23 10:00:00,6.400000095367432,True,0.08423906067444478,0.044181998812459766
0,2026-07-24 10:00:00,8.800000190734863,True,0.19684000532140913,0.11106106107446712
0,2026-07-25 10:00:00,7.400000095367432,True,0.1543174534618561,0.1081061773369627
0,2026-07-26 10:00:00,9.899999618530273,True,0.14410820751937517,0.09939652590969172
0,2026-07-27 10:00:00,10.800000190734863,True,0.2720795435754909,0.35750484485141654
0,2026-07-28 10:00:00,9.300000190734863,True,0.13227208467450113,0.12952724899945334
0,2026-07-29 10:00:00,8.0,True,0.15195450610486888,0.12989626334294124
0,2026-07-30 10:00:00,8.5,True,0.13626693851924415,0.08691823927916975
0,2026-07-31 10:00:00,8.600000381469727,True,0.17640053249088494,0.13246154390165954
0,2026-08-01 10:00:00,8.399999618530273,True,0.1349398501616601,0.08647914608993268
0,2026-08-02 10:00:00,10.600000381469727,True,0.22589014674964625,0.238616605164372
0,2026-08-03 10:00:00,9.600000381469727,True,0.25284971121426875,0.35843485229420247
0,2026-08-04 10:00:00,8.0,True,0.14555100800299714,0.12129940005045792
0,2026-08-05 10:00:00,7.800000190734863,True,0.14921720224143323,0.11094682212737239
0,2026-08-06 10:00:00,9.300000190734863,True,0.2045460924609636,0.19713317177519618
0,2026-08-07 10:00:00,9.699999809265137,False,0.1389437160635203,0.1273348617836435
0,2026-08-07 13:00:00,8.800000190734863,False,0.14920816386003147,0.12870598791043963
0,2026-08-08 10:00:00,6.699999809265137,False,0.11421599736365456,0.110462702846709
0,2026-08-09 10:00:00,7.300000190734863,False,0.12924816607498119,0.07851883386869274
60,2026-01-01 09:00:00,8.899999618530273,True,0.1766755470693779,0.24284464360087532
60,2026-01-02 09:00:00,9.100000381469727,True,0.1983580779526511,0.29689827320786943
60,2026-01-03 09:00:00,10.600000381469727,True,0.17909136068294904,0.23801661260765017
60,2026-01-03 13:58:15,8.699999809265137,True,0.13267214978324407,0.14807756709295128
60,2026-01-04 09:00:00,8.100000381469727,True,0.13932296388100704,0.1480309785606767
60,2026-01-04 17:00:00,6.800000190734863,True,0.1183972797091806,0.1265841717169005
60,2026-01-05 09:00:00,7.900000095367432,True,0.13864316376542057,0.11181463477823461
60,2026-01-05 21:00:00,8.600000381469727,True,0.18293634412628829,0.1720650918698552
60,2026-01-06 09:00:00,10.5,True,0.27792428022137705,0.42839206213168346
60,2026-01-06 15:00:00,8.899999618530273,True,0.1788170558941836,0.2260689891894727
60,2026-01-07 09:00:00,7.099999904632568,True,0.10304544930370652,0.08530006651983202
60,2026-01-08 09:00:00,8.199999809265137,True,0.2198911265132309,0.2249322521405368
60,2026-01-09 17:00:00,13.0,False,0.08607495272101559,0.0972624177008703
60,2026-01-09 20:00:00,2.0,True,0.06249510925804559,0.024066071657273258
60,2026-01-10 09:00:00,6.599999904632568,True,0.053519072322312906,0.01957866902110028
60,2026-01-11 09:00:00,8.800000190734863,True,0.12330644139720158,0.08448821745397528
60,2026-01-12 09:00:00,12.0,True,0.22275706167402717,0.3823480063060235
60,2026-01-12 15:00:00,9.800000190734863,True,0.12187103264587103,0.20343822296812075
60,2026-01-13 09:00:00,9.0,True,0.11195993496535772,0.11945769744647339
60,2026-01-13 21:00:00,11.100000381469727,True,0.17320807685341544,0.19493388775759102
60,2026-01-14 09:00:00,8.899999618530273,True,0.3288535584951948,0.6172015550052711
60,2026-01-15 09:00:00,9.5,True,0.1990201006461303,0.2799378214517686
60,2026-01-16 09:00:00,9.399999618530273,True,0.28841708398550325,0.48964509625099994
60,2026-01-17 09:00:00,9.899999618530273,True,0.2273114515069941,0.3191013070446893
60,2026-01-18 09:00:00,9.199999809265137,True,0.25911652265679547,0.44265874072498446
60,2026-01-18 13:30:00,9.600000381469727,True,0.26710421823341923,0.37323981527141026
60,2026-01-18 21:00:00,7.099999904632568,True,0.24102439283295188,0.32433084464084594
60,2026-01-19 09:00:00,7.599999904632568,True,0.23769022224465924,0.228545358771317
60,2026-01-19 16:44:10,7.0,True,0.1196589152815887,0.0974453290811691
60,2026-01-19 21:00:00,9.899999618530273,True,0.2239848001987275,0.2853278078508179
60,2026-01-20 04:30:00,7.099999904632568,True,0.08489525815056755,0.06620222587798918
60,2026-01-20 09:00:00,8.0,True,0.1231736589270066,0.1230709971083096
60,2026-01-21 09:00:00,9.899999618530273,True,0.23752949234987447,0.3444094309755342
60,2026-01-22 09:00:00,9.199999809265137,True,0.2273476042297421,0.3692777649944794
60,2026-01-23 09:00:00,8.5,True,0.21417485417411355,0.35860821055185366
60,2026-01-24 09:00:00,9.600000381469727,True,0.12344410322385631,0.1363908231312908
60,2026-01-25 09:00:00,7.400000095367432,True,0.14821184328947803,0.19525652106888824
60,2026-01-26 09:00:00,8.199999809265137,True,0.15911940049857567,0.1628724985864799
60,2026-01-27 09:00:00,8.0,True,0.2156514920409279,0.3533422730474832
60,2026-01-28 09:00:00,7.699999809265137,True,0.1803145846986186,0.19228491339685116
60,2026-01-29 09:00:00,9.0,True,0.12349288483960949,0.1305612721781978
60,2026-01-30 09:00:00,8.5,True,0.146539321411734,0.16396006539733354
60,2026-01-31 09:00:00,8.699999809265137,True,0.16158812082384078,0.1753674427917543
60,2026-02-01 09:00:00,9.0,True,0.20767221584063464,0.3830428339783052
60,2026-02-02 09:00:00,9.199999809265137,True,0.12560249207699686,0.13361466471352645
60,2026-02-03 09:00:00,8.399999618530273,True,0.09362726072393211,0.0971790469864281
60,2026-02-04 09:00:00,9.800000190734863,True,0.1588726797459691,0.16539634973417228
60,2026-02-05 09:00:00,8.899999618530273,True,0.1919220549748798,0.29627951497795635
60,2026-02-06 09:00:00,6.400000095367432,True,0.07202016297131447,0.04812408153398129
60,2026-02-07 09:00:00,7.0,True,0.15386220958765984,0.1118663529914008
60,2026-02-08 09:00:00,9.899999618530273,True,0.22187580259998596,0.192528818696187
60,2026-02-09 09:00:00,10.300000190734863,True,0.291389141990099,0.44089646504693936
60,2026-02-10 09:00:00,9.100000381469727,True,0.2544540446363393,0.385442189367612
60,2026-02-11 09:00:00,8.699999809265137,True,0.18734232187926692,0.19434043640741638
60,2026-02-12 09:00:00,7.699999809265137,True,0.17455601956751687,0.19025271220372508
60,2026-02-13 09:00:00,8.899999618530273,True,0.1639760798047161,0.1686819992512648
60,2026-02-14 09:00:00,7.699999809265137,True,0.16692299546048847,0.17927531187871937
60,2026-02-15 09:00:00,8.199999809265137,True,0.15613077124105426,0.1494831393102587
60,2026-02-16 09:00:00,7.800000190734863,True,0.09736357175256424,0.07621200754651458
60,2026-02-17 09:00:00,8.0,True,0.14126689632632206,0.13246606430708585
60,2026-02-18 09:00:00,8.800000190734863,True,0.24884962503864813,0.36863540780074067
60,2026-02-19 09:00:00,9.5,True,0.16772478673847327,0.18071038533288042
60,2026-02-20 09:00:00,7.400000095367432,True,0.12451093519577631,0.1315229219345173
60,2026-02-21 09:00:00,7.400000095367432,True,0.09510793120364293,0.06650652403630897
60,2026-02-22 09:00:00,7.800000190734863,True,0.19976544461677126,0.20829744547083406
60,2026-02-23 09:00:00,10.399999618530273,True,0.15504155672069841,0.1423042476600691
60,2026-02-24 09:00:00,8.0,True,0.1455999716558178,0.1701321658252063
60,2026-02-25 09:00:00,9.100000381469727,True,0.1166183719387344,0.09698857340498734
60,2026-02-26 09:00:00,8.699999809265137,True,0.11561640324897456,0.11925649182997722
60,2026-02-27 09:00:00,8.899999618530273,True,0.11766878535194503,0.12112558683962815
60,2026-02-28 09:00:00,8.600000381469727,True,0.15770178186704392,0.1820097923477293
60,2026-03-01 09:00:00,9.899999618530273,True,0.15412378258771775,0.1702944812299837
60,2026-03-02 09:00:00,8.199999809265137,False,0.11332895517455151,0.12251652593512641
60,2026-03-03 09:00:00,10.199999809265137,True,0.2364263273905782,0.34285151743948206
60,2026-03-04 12:30:00,2.700000047683716,False,0.0014274807819188817,0.010000000000000009
60,2026-03-04 15:30:00,8.100000381469727,True,0.0030151312030322393,0.011419472285563614
60,2026-03-05 09:00:00,6.0,True,0.13506845358897182,0.1361038243955891
60,2026-03-06 09:00:00,8.5,True,0.1811612887387459,0.1718809609333556
60,2026-03-07 09:00:00,8.899999618530273,True,0.2819105680401232,0.4614793922527002
60,2026-03-08 09:00:00,7.599999904632568,True,0.10038181532698529,0.08651463769129653
60,2026-03-09 09:00:00,8.399999618530273,True,0.19981634521757868,0.22547813418600393
60,2026-03-10 09:00:00,8.100000381469727,True,0.12358565163286442,0.12253834057281443
60,2026-03-10 21:00:00,7.300000190734863,True,0.09481007835627124,0.06827875703005903
60,2026-03-11 13:30:00,7.199999809265137,True,0.04900930035750196,0.03353534649423795
60,2026-03-12 09:00:00,8.300000190734863,True,0.14385268081543323,0.11784244608479355
60,2026-03-13 09:00:00,8.800000190734863,True,0.12448549457581096,0.12235972629934977
60,2026-03-14 09:00:00,9.0,True,0.19591938354093247,0.23931646599541
60,2026-03-15 09:00:00,8.800000190734863,True,0.15401552807944396,0.1645193518207102
60,2026-03-15 14:00:00,9.100000381469727,True,0.15876854575453855,0.1731815731049755
60,2026-03-15 21:00:00,8.5,True,0.16027820818090902,0.17774844805432888
60,2026-03-16 09:00:00,7.599999904632568,True,0.15879075058516473,0.168810104528898
60,2026-03-16 21:00:00,8.100000381469727,True,0.3138975828335969,0.46429176049168586
60,2026-03-17 09:00:00,12.800000190734863,True,0.23873086681118794,0.3036901900553689
60,2026-03-17 15:00:00,9.600000381469727,True,0.21477241770865416,0.3668527003712896
60,2026-03-17 21:00:00,8.699999809265137,True,0.16889833682038413,0.19676471072576185
60,2026-03-19 09:00:00,8.5,True,0.22431685348900915,0.30634092787852285
60,2026-03-20 09:00:00,7.400000095367432,True,0.1914708758571813,0.2190004755947187
60,2026-03-21 09:00:00,6.800000190734863,True,0.06960987103171179,0.04321459387033377
60,2026-03-22 09:00:00,8.199999809265137,True,0.14230460954271995,0.11583910171863532
60,2026-03-23 09:00:00,7.699999809265137,True,0.08186464803496457,0.061512794062556164
60,2026-03-24 09:00:00,9.199999809265137,True,0.17310418083455328,0.17304683800198328
60,2026-03-25 09:00:00,8.300000190734863,True,0.07396133944626852,0.05772491923948597
60,2026-03-26 09:00:00,7.5,True,0.08832511629135137,0.0705008767179316
60,2026-03-27 09:00:00,7.199999809265137,True,0.046585703648191056,0.029231007686079447
60,2026-03-28 09:00:00,7.800000190734863,True,0.10276619207008457,0.08195369747050385
60,2026-03-29 09:00:00,9.0,True,0.10621741919810525,0.08691572638400646
60,2026-03-30 09:00:00,7.099999904632568,True,0.09233266638408413,0.08033420657589219
60,2026-03-31 09:00:00,7.800000190734863,True,0.04860605801184898,0.030776454351556293
60,2026-04-01 09:00:00,9.899999618530273,True,0.19341402173935446,0.21878575529022837
60,2026-04-02 09:00:00,7.099999904632568,True,0.4517119083921413,0.7234745016927272
60,2026-04-03 09:00:00,9.100000381469727,True,0.1718981015620533,0.16928988630740371
60,2026-04-04 09:00:00,8.800000190734863,True,0.13795626767502542,0.14056295235799843
60,2026-04-04 15:00:00,5.5,True,0.21734949925266928,0.35391834997812877
60,2026-04-05 09:00:00,10.0,True,0.2418144465538581,0.24672759305378633
60,2026-04-06 09:00:00,9.699999809265137,True,0.09073900457037033,0.08661831524876151
60,2026-04-07 09:00:00,8.300000190734863,True,0.18046086017701302,0.2399672366020561
60,2026-04-08 09:00:00,9.399999618530273,True,0.15915366179281915,0.16653643568805054
60,2026-04-09 02:00:00,8.199999809265137,True,0.1289545753177553,0.13987737410018553
60,2026-04-09 09:00:00,7.699999809265137,True,0.11577174458588116,0.1160063938183421
60,2026-04-10 01:00:00,5.699999809265137,True,0.047139523660615586,0.02990750132766895
60,2026-04-10 09:00:00,7.900000095367432,True,0.11907924590193017,0.07794040060505603
60,2026-04-11 09:00:00,8.199999809265137,True,0.1381613843911268,0.1300547072441678
60,2026-04-12 09:00:00,9.199999809265137,True,0.1751958748543784,0.20048415214678117
60,2026-04-13 09:00:00,7.400000095367432,True,0.14038852616702036,0.1428440490135915
60,2026-04-14 09:00:00,7.199999809265137,True,0.07220993460220637,0.04775883866201536
60,2026-04-27 14:30:00,14.300000190734863,True,0.2613375668482783,0.2800586270630814
60,2026-04-27 16:30:00,5.900000095367432,True,0.2623691216384237,0.28158183350969135
60,2026-04-27 21:00:00,1.2000000476837158,True,0.3090896633580861,0.48893824488783566
60,2026-04-28 05:00:00,0.5,False,4.751284142330657e-07,0.010000000000000009
60,2026-04-28 09:00:00,0.8999999761581421,False,3.6800502440088987e-07,0.010000000000000009
60,2026-04-28 21:00:00,3.4000000953674316,False,7.753073242640301e-07,0.010000000000000009
60,2026-04-29 05:00:00,7.199999809265137,False,0.00017944477430569068,0.010000000000000009
60,2026-04-29 09:00:00,8.100000381469727,False,0.02560116681361835,0.01511853585053935
60,2026-04-29 19:00:00,11.5,True,0.3677022958599089,0.43804982534035586
60,2026-04-30 09:00:00,7.0,True,0.04152329005594047,0.033272519925931276
60,2026-04-30 15:00:00,11.5,True,0.1610624083818365,0.13621890295573813
60,2026-04-30 19:00:00,5.099999904632568,True,0.23717847554962293,0.29409468297793007
60,2026-05-01 09:00:00,7.900000095367432,True,0.05529785424196346,0.03021471614225235
60,2026-05-02 09:00:00,7.599999904632568,True,0.05390246128829282,0.03661917716798868
60,2026-05-03 09:00:00,7.699999809265137,True,0.1350868085652696,0.1297153545798604
60,2026-05-04 09:00:00,13.899999618530273,True,0.18977757521220526,0.18882015840906952
60,2026-05-04 13:00:00,20.299999237060547,True,0.08421467615802775,0.07074386832765889
60,2026-05-04 15:30:00,9.5,True,0.09315204143910065,0.1150927303812147
60,2026-05-04 23:01:00,9.699999809265137,True,0.058745173402737265,0.043459265451095686
60,2026-05-05 09:00:00,4.900000095367432,True,0.025211570303167733,0.023387010558825416
60,2026-05-07 08:30:00,7.800000190734863,True,0.15430822374660738,0.12346296379421318
60,2026-05-08 09:00:00,4.0,True,0.14403223969419146,0.15076563939075827
60,2026-05-08 22:50:00,8.399999618530273,True,0.4027860686180557,0.48065570332800045
60,2026-05-09 09:00:00,4.099999904632568,True,0.23066640899224208,0.3384993521270995
60,2026-05-09 17:30:00,3.9000000953674316,True,0.42271183620572117,0.44891872109955155
60,2026-05-09 21:00:00,3.200000047683716,True,0.01114039159218457,0.014187724699174287
60,2026-05-10 09:00:00,6.099999904632568,True,0.008809972082503005,0.012068907034957221
60,2026-05-11 09:00:00,9.0,True,0.042050835008153827,0.02348150543871219
60,2026-05-12 09:00:00,9.899999618530273,True,0.08342101637059955,0.049693449198965345
60,2026-05-12 17:00:00,9.5,True,0.036828482677798646,0.027437247105320917
60,2026-05-13 09:00:00,4.599999904632568,True,0.006887056830165379,0.015380911125917107
60,2026-05-14 02:00:00,6.699999809265137,True,0.01451893626749889,0.016260238526803694
60,2026-05-14 09:00:00,12.0,True,0.16340336620445936,0.14378913818250794
60,2026-05-15 09:00:00,11.899999618530273,True,0.23987487436610658,0.4505552921967676
60,2026-05-15 14:00:00,7.099999904632568,True,0.15825189487603214,0.231604941707802
60,2026-05-16 09:00:00,9.699999809265137,True,0.14271421048376876,0.12081552432731801
60,2026-05-18 10:00:00,5.0,True,0.47435811774126163,0.6022320853056837
60,2026-05-19 10:30:00,9.0,True,0.027297798282507377,0.020380280001723095
60,2026-05-20 09:00:00,11.0,True,0.1469384508098619,0.15134817713958093
60,2026-05-20 15:30:00,6.0,True,0.16460600469518724,0.23537647148760288
60,2026-05-21 09:00:00,10.0,True,0.19945323647126645,0.19567007645706436
60,2026-05-22 09:00:00,10.899999618530273,True,0.4087228907331879,0.6842956130740836
60,2026-05-22 11:00:00,9.100000381469727,True,0.1796360511711474,0.2857893775421392
60,2026-05-23 08:35:00,10.800000190734863,True,0.22760755449106201,0.39097049837499165
60,2026-05-24 09:00:00,9.5,True,0.18592684917024593,0.2756748004308498
60,2026-05-25 04:00:00,11.300000190734863,True,0.28821782589853334,0.49965867984339796
60,2026-05-25 09:00:00,8.199999809265137,True,0.08870303380723395,0.10552290843683643
60,2026-05-25 13:00:00,10.100000381469727,True,0.30917146230186526,0.5893931745646666
60,2026-05-26 09:00:00,9.399999618530273,True,0.16524885714521084,0.23216302214749673
60,2026-05-27 04:00:00,10.699999809265137,True,0.027146608126542737,0.023582020225367484
60,2026-05-27 09:00:00,6.0,True,0.09283245042099121,0.098792134554883
60,2026-05-28 09:00:00,8.699999809265137,True,0.15232651908018024,0.1344698643810791
60,2026-05-29 09:00:00,8.100000381469727,True,0.12645800256481035,0.13768408256879838
60,2026-05-30 09:00:00,9.199999809265137,True,0.19056857174436598,0.22433952665503332
60,2026-05-31 09:00:00,9.100000381469727,True,0.19623286638156912,0.2652303143811926
60,2026-06-01 09:00:00,10.0,True,0.1755696906510393,0.20755071440175987
60,2026-06-02 09:00:00,8.899999618530273,True,0.11752961257686667,0.12773566449303753
60,2026-06-03 09:00:00,9.300000190734863,True,0.15771079823598347,0.1739309056227184
60,2026-06-03 19:00:00,9.0,True,0.1549369696938981,0.18782701647951794
60,2026-06-04 09:00:00,8.699999809265137,True,0.18622825240020932,0.23683372372710554
60,2026-06-05 09:00:00,8.5,True,0.1740161309313166,0.1966104252158084
60,2026-06-06 09:00:00,10.5,True,0.23019636220447257,0.3571417652624609
60,2026-06-07 09:00:00,9.399999618530273,True,0.1642809784949748,0.20846901403791485
60,2026-06-07 15:15:00,10.800000190734863,True,0.24213401672300805,0.386134655730783
60,2026-06-08 09:00:00,9.699999809265137,True,0.17809253067333883,0.2537538580271421
60,2026-06-08 16:00:00,7.599999904632568,True,0.3406698669161558,0.5830329422992226
60,2026-06-08 21:00:00,6.699999809265137,True,0.17137899856647046,0.1834369899402183
60,2026-06-09 09:00:00,5.599999904632568,True,0.16391626688497135,0.17037045096863346
60,2026-06-09 16:00:00,6.800000190734863,True,0.06238357355722686,0.03220015439472812
60,2026-06-10 09:00:00,10.399999618530273,True,0.1543902556923865,0.13170638777204513
60,2026-06-10 13:30:00,9.800000190734863,True,0.16671834030847082,0.13412204048663567
60,2026-06-11 09:00:00,9.699999809265137,True,0.28592923793792435,0.4674334103042441
60,2026-06-12 09:00:00,9.699999809265137,True,0.24463987208799318,0.4164565034717923
60,2026-06-13 09:00:00,8.600000381469727,True,0.1321173526324071,0.14542687360419826
60,2026-06-14 09:00:00,9.399999618530273,True,0.11015227692102746,0.11283996361919646
60,2026-06-15 09:00:00,9.800000190734863,True,0.1721299298384071,0.20831700441197276
60,2026-06-16 03:00:00,8.300000190734863,True,0.1639473773137606,0.2164933126709352
60,2026-06-17 08:00:00,2.0999999046325684,True,0.04776588054375666,0.038875431477447875
60,2026-06-17 09:00:00,0.30000001192092896,True,0.005963692399957517,0.0158741715482843
60,2026-06-17 13:00:00,0.10000000149011612,True,0.0007123680162710415,0.010000000000000009
60,2026-06-17 21:00:00,2.700000047683716,False,0.0002640232301730189,0.010000000000000009
60,2026-07-02 11:00:00,4.099999904632568,False,0.011500448870974534,0.010000000000000009
60,2026-07-02 19:00:00,1.100000023841858,False,0.011380457177446384,0.010000000000000009
60,2026-07-03 12:00:00,2.299999952316284,False,0.005148525274421941,0.010000000000000009
60,2026-07-03 17:00:00,16.100000381469727,False,0.07651435242355385,0.02345173805522105
60,2026-07-03 20:00:00,13.800000190734863,True,0.11890045437451861,0.04650614208635351
60,2026-07-03 23:00:00,7.099999904632568,True,0.0899589876496999,0.06275202310367267
60,2026-07-04 03:00:00,3.700000047683716,True,0.1523390813524444,0.4970730864790799
60,2026-07-04 09:00:00,3.200000047683716,True,0.0381016588335509,0.0128028287305475
60,2026-07-05 09:00:00,4.800000190734863,True,0.08521243580680424,0.0226537099555435
60,2026-07-06 09:00:00,6.5,True,0.07856908281558916,0.02444828558130996
60,2026-07-07 09:00:00,5.699999809265137,True,0.08822252168425175,0.02716062353295845
60,2026-07-08 09:00:00,5.300000190734863,True,0.01435189311798108,0.016778059087452224
60,2026-07-09 09:00:00,9.600000381469727,True,0.11505902627247686,0.05878308953387679
60,2026-07-10 09:00:00,8.0,True,0.05434242839828738,0.034227971653601585
60,2026-07-11 09:00:00,8.100000381469727,True,0.07195297084457432,0.04383460928226235
60,2026-07-12 09:00:00,11.600000381469727,True,0.08274756332830065,0.056639037478156684
60,2026-07-12 13:00:00,6.800000190734863,True,0.03971535309952963,0.027938266993826844
60,2026-07-13 09:00:00,7.900000095367432,True,0.1266563498495095,0.11495132660807894
60,2026-07-14 09:00:00,8.899999618530273,True,0.1590156980147059,0.166190394828708
60,2026-07-15 09:00:00,10.300000190734863,True,0.12038472489409255,0.11885763616493339
60,2026-07-16 09:00:00,11.0,True,0.1728358168139035,0.21920261045857825
60,2026-07-17 09:00:00,9.100000381469727,True,0.18988481611873734,0.2987838598910363
60,2026-07-18 04:00:00,10.300000190734863,True,0.1364331336540409,0.14382825479544148
60,2026-07-18 09:00:00,12.399999618530273,True,0.3609126297291818,0.626506056626706
60,2026-07-18 21:00:00,10.399999618530273,True,0.2301891607572183,0.44809354241184973
60,2026-07-19 09:00:00,9.100000381469727,True,0.2348533385543039,0.4168900321589234
60,2026-07-20 09:00:00,10.199999809265137,True,0.20359642258218366,0.3381118554479138
60,2026-07-21 09:00:00,8.100000381469727,True,0.17398311470050354,0.31492747794543674
60,2026-07-23 09:00:00,6.400000095367432,True,0.23894066362314365,0.3960626242353087
60,2026-07-24 09:00:00,8.800000190734863,True,0.36257558188592814,0.5399070184041059
60,2026-07-25 09:00:00,7.400000095367432,True,0.16996710161195694,0.19000575001807496
60,2026-07-26 09:00:00,9.899999618530273,True,0.09541771240067579,0.0614293036444814
60,2026-07-27 09:00:00,10.800000190734863,True,0.22391256141037044,0.3538584700113554
60,2026-07-28 09:00:00,9.300000190734863,True,0.03700060206848824,0.028784939295540046
60,2026-07-29 09:00:00,8.0,True,0.10965072043067996,0.10915374704062764
60,2026-07-30 09:00:00,8.5,True,0.141620427616453,0.13931568955798002
60,2026-07-31 09:00:00,8.600000381469727,True,0.2002132495371543,0.2661804670086071
60,2026-08-01 09:00:00,8.399999618530273,True,0.14178508292151065,0.1530630016932154
60,2026-08-02 09:00:00,10.600000381469727,True,0.2054124738502425,0.26993755557323773
60,2026-08-03 09:00:00,9.600000381469727,True,0.2070368718260998,0.339578491821361
60,2026-08-04 09:00:00,8.0,True,0.14318898023169002,0.16639012611895065
60,2026-08-05 09:00:00,7.800000190734863,True,0.13199193020626498,0.13170854992766445
60,2026-08-06 09:00:00,9.300000190734863,True,0.18210126359538784,0.19967590776554667
60,2026-08-07 09:00:00,9.699999809265137,False,0.10264236934358503,0.1271361947823314
60,2026-08-07 12:00:00,8.800000190734863,False,0.13711438605856344,0.16741529856846538
60,2026-08-08 09:00:00,6.699999809265137,False,0.11168175909867806,0.131121951957047
60,2026-08-09 09:00:00,7.300000190734863,False,0.12956969432020876,0.11436390494429549
120,2026-01-01 08:00:00,8.899999618530273,True,0.18707407534243436,0.30483130892655363
120,2026-01-02 08:00:00,9.100000381469727,True,0.18857731332491254,0.2583858013059477
120,2026-01-03 08:00:00,10.600000381469727,True,0.19182214884734175,0.3016708060225355
120,2026-01-03 12:58:15,8.699999809265137,True,0.1614973736490199,0.19461020036133725
120,2026-01-04 08:00:00,8.100000381469727,True,0.1752647447849397,0.2089849951211752
120,2026-01-04 16:00:00,6.800000190734863,True,0.17715430165502616,0.2123761112505409
120,2026-01-05 08:00:00,7.900000095367432,True,0.14495122321601328,0.11586928459627
120,2026-01-05 20:00:00,8.600000381469727,True,0.14848965680997522,0.1170271286729
120,2026-01-06 08:00:00,10.5,True,0.24012014153544964,0.37779038246920504
120,2026-01-06 14:00:00,8.899999618530273,True,0.17045791482915493,0.20375949043080843
120,2026-01-07 08:00:00,7.099999904632568,True,0.11642867721009108,0.10663309258616405
120,2026-01-08 08:00:00,8.199999809265137,True,0.1876951719186482,0.1718761925949971
120,2026-01-09 16:00:00,13.0,False,0.20355432002398668,0.1567867230505373
120,2026-01-09 19:00:00,2.0,True,0.060232014669462194,0.06940101044880465
120,2026-01-10 08:00:00,6.599999904632568,True,0.0627146569938001,0.016076987976054946
120,2026-01-11 08:00:00,8.800000190734863,True,0.15332949971750254,0.1252013383347943
120,2026-01-12 08:00:00,12.0,True,0.19606136797750942,0.34027826207074585
120,2026-01-12 14:00:00,9.800000190734863,True,0.13988740404575775,0.2964516832535573
120,2026-01-13 08:00:00,9.0,True,0.11132552553140318,0.11008505295391335
120,2026-01-13 20:00:00,11.100000381469727,True,0.1579380470978537,0.15965798188503977
120,2026-01-14 08:00:00,8.899999618530273,True,0.2854056756160044,0.5727657122460863
120,2026-01-15 08:00:00,9.5,True,0.21075232159444737,0.32468871426273593
120,2026-01-16 08:00:00,9.399999618530273,True,0.281601879612175,0.5357708777596542
120,2026-01-17 08:00:00,9.899999618530273,True,0.24841338508111577,0.3940610408013929
120,2026-01-18 08:00:00,9.199999809265137,True,0.2394636597710873,0.41959179858752726
120,2026-01-18 12:30:00,9.600000381469727,True,0.2602844041765908,0.3816432661200543
120,2026-01-18 20:00:00,7.099999904632568,True,0.22471993695962716,0.2977797657995189
120,2026-01-19 08:00:00,7.599999904632568,True,0.21749592212398058,0.2036708764491948
120,2026-01-19 15:44:10,7.0,True,0.13626431725390917,0.11414914836085
120,2026-01-19 20:00:00,9.899999618530273,True,0.19714961671888084,0.23014490157774403
120,2026-01-20 03:30:00,7.099999904632568,True,0.11655605465060839,0.10352466849642161
120,2026-01-20 08:00:00,8.0,True,0.14525052794585153,0.14994080470054183
120,2026-01-21 08:00:00,9.899999618530273,True,0.19327609210790567,0.23965461942612254
120,2026-01-22 08:00:00,9.199999809265137,True,0.16560100650968704,0.20026064854281866
120,2026-01-23 08:00:00,8.5,True,0.2131321788395452,0.37682053905414836
120,2026-01-24 08:00:00,9.600000381469727,True,0.1494253657346941,0.19692404707914613
120,2026-01-25 08:00:00,7.400000095367432,True,0.19771388847760452,0.3262122846892411
120,2026-01-26 08:00:00,8.199999809265137,True,0.1709160461350212,0.17971637679693975
120,2026-01-27 08:00:00,8.0,True,0.21223921339108226,0.32644058266403053
120,2026-01-28 08:00:00,7.699999809265137,True,0.17175235158756916,0.18743079783072158
120,2026-01-29 08:00:00,9.0,True,0.15002903890895666,0.16795180791667252
120,2026-01-30 08:00:00,8.5,True,0.16530517903430722,0.19182066473622794
120,2026-01-31 08:00:00,8.699999809265137,True,0.17962963557392334,0.21398836104882846
120,2026-02-01 08:00:00,9.0,True,0.21169556308847653,0.40481345409918956
120,2026-02-02 08:00:00,9.199999809265137,True,0.12033131822270873,0.11708861090600031
120,2026-02-03 08:00:00,8.399999618530273,True,0.11470818696408384,0.11892948055303654
120,2026-02-04 08:00:00,9.800000190734863,True,0.1177714359919437,0.11100574894442672
120,2026-02-05 08:00:00,8.899999618530273,True,0.16990245769289838,0.22572932596160056
120,2026-02-06 08:00:00,6.400000095367432,True,0.11816059782990931,0.08829081086466928
120,2026-02-07 08:00:00,7.0,True,0.22837327732993404,0.1962697886044925
120,2026-02-08 08:00:00,9.899999618530273,True,0.21957082618725265,0.19342125741392202
120,2026-02-09 08:00:00,10.300000190734863,True,0.27925342548994975,0.48368630757097175
120,2026-02-10 08:00:00,9.100000381469727,True,0.23027997492018015,0.36086873129544306
120,2026-02-11 08:00:00,8.699999809265137,True,0.220911462868627,0.30637238581205006
120,2026-02-12 08:00:00,7.699999809265137,True,0.16507742011086743,0.16294449777980402
120,2026-02-13 08:00:00,8.899999618530273,True,0.19141605125409974,0.20340554565012392
120,2026-02-14 08:00:00,7.699999809265137,True,0.19336763334085266,0.25543777814696644
120,2026-02-15 08:00:00,8.199999809265137,True,0.2082335405835693,0.2878158063145423
120,2026-02-16 08:00:00,7.800000190734863,True,0.08937927831989949,0.06332190386967651
120,2026-02-17 08:00:00,8.0,True,0.12970318527069416,0.11467533644843664
120,2026-02-18 08:00:00,8.800000190734863,True,0.19959877972003479,0.2716471554205099
120,2026-02-19 08:00:00,9.5,True,0.14640102607041477,0.15205636385265198
120,2026-02-20 08:00:00,7.400000095367432,True,0.1480395854634603,0.16120220708076483
120,2026-02-21 08:00:00,7.400000095367432,True,0.11755390760101204,0.09448673965268428
120,2026-02-22 08:00:00,7.800000190734863,True,0.13507008158613318,0.1164312475553263
120,2026-02-23 08:00:00,10.399999618530273,True,0.11772369462287856,0.10219959509357712
120,2026-02-24 08:00:00,8.0,True,0.1616022333808174,0.1995229064039481
120,2026-02-25 08:00:00,9.100000381469727,True,0.14602130594825408,0.13953687341181864
120,2026-02-26 08:00:00,8.699999809265137,True,0.15422852285391722,0.16994949903436962
120,2026-02-27 08:00:00,8.899999618530273,True,0.18730215526825578,0.25762573480116857
120,2026-02-28 08:00:00,8.600000381469727,True,0.14158239868183323,0.15413668684471382
120,2026-03-01 08:00:00,9.899999618530273,True,0.18960872146343066,0.2478901392845223
120,2026-03-02 08:00:00,8.199999809265137,True,0.14990511446413038,0.17190443664189814
120,2026-03-03 08:00:00,10.199999809265137,True,0.15875208052565887,0.16370682321004626
120,2026-03-04 11:30:00,2.700000047683716,False,0.056591004167806595,0.034440116987322855
120,2026-03-04 14:30:00,8.100000381469727,False,0.005738234376240526,0.010000000000000009
120,2026-03-05 08:00:00,6.0,True,0.1542539995552736,0.15544632752969778
120,2026-03-06 08:00:00,8.5,True,0.19211511346457466,0.18195894663611434
120,2026-03-07 08:00:00,8.899999618530273,True,0.30168170138306893,0.5614612060717257
120,2026-03-08 08:00:00,7.599999904632568,True,0.10823299008736009,0.09598834835761527
120,2026-03-09 08:00:00,8.399999618530273,True,0.18793459077663832,0.2061194455373767
120,2026-03-10 08:00:00,8.100000381469727,True,0.15097742058867147,0.15741659408602537
120,2026-03-10 20:00:00,7.300000190734863,True,0.06631295237254457,0.041398800789277046
120,2026-03-11 12:30:00,7.199999809265137,True,0.1563217735196748,0.15053263566179875
120,2026-03-12 08:00:00,8.300000190734863,True,0.13483982001907263,0.1115054529639935
120,2026-03-13 08:00:00,8.800000190734863,True,0.18306155346780323,0.2005522225580011
120,2026-03-14 08:00:00,9.0,True,0.21625424097553078,0.32069447225515946
120,2026-03-15 08:00:00,8.800000190734863,True,0.16002524488841297,0.1767700061936639
120,2026-03-15 13:00:00,9.100000381469727,True,0.1579919856831799,0.1734937443398591
120,2026-03-15 20:00:00,8.5,True,0.1671614058273267,0.1928539381731662
120,2026-03-16 08:00:00,7.599999904632568,True,0.16842019057189758,0.1851363789440631
120,2026-03-16 20:00:00,8.100000381469727,True,0.28336178337012247,0.48401047825343946
120,2026-03-17 08:00:00,12.800000190734863,True,0.23605407616291696,0.31602918831592863
120,2026-03-17 14:00:00,9.600000381469727,True,0.32509827857028223,0.621018067858607
120,2026-03-17 20:00:00,8.699999809265137,True,0.17969379909519212,0.22910643407158804
120,2026-03-19 08:00:00,8.5,True,0.2506049162518374,0.40413609302543896
120,2026-03-20 08:00:00,7.400000095367432,True,0.18153573923698857,0.19561830881799513
120,2026-03-21 08:00:00,6.800000190734863,True,0.10315959612600843,0.07054570312100472
120,2026-03-22 08:00:00,8.199999809265137,True,0.12913257472426687,0.09772903021071722
120,2026-03-23 08:00:00,7.699999809265137,True,0.14176462089305475,0.13076975612621744
120,2026-03-24 08:00:00,9.199999809265137,True,0.18316994851920482,0.1954038246662354
120,2026-03-25 08:00:00,8.300000190734863,True,0.14685023164190217,0.15290142679999752
120,2026-03-26 08:00:00,7.5,True,0.13406669365815338,0.11887852742677263
120,2026-03-27 08:00:00,7.199999809265137,True,0.09680293914432639,0.06722680914188706
120,2026-03-28 08:00:00,7.800000190734863,True,0.14487628832124108,0.12299944737360924
120,2026-03-29 08:00:00,9.0,True,0.14394812479605865,0.13321793973886198
120,2026-03-30 08:00:00,7.099999904632568,True,0.11312103894613201,0.1072400007036961
120,2026-03-31 08:00:00,7.800000190734863,True,0.11882437266425805,0.08884257437397336
120,2026-04-01 08:00:00,9.899999618530273,True,0.24190640491584126,0.3655363110745581
120,2026-04-02 08:00:00,7.099999904632568,True,0.3547480100901315,0.6690745553705069
120,2026-04-03 08:00:00,9.100000381469727,True,0.182200330966104,0.18781640163831725
120,2026-04-04 08:00:00,8.800000190734863,True,0.18376231039463198,0.24027167749941636
120,2026-04-04 14:00:00,5.5,True,0.29613474561591063,0.5554895820175023
120,2026-04-05 08:00:00,10.0,True,0.18774482813854776,0.16830080158393323
120,2026-04-06 08:00:00,9.699999809265137,True,0.09491672663631578,0.080043811890948
120,2026-04-07 08:00:00,8.300000190734863,True,0.16589545239590442,0.2050020084154448
120,2026-04-08 08:00:00,9.399999618530273,True,0.10638136003295122,0.08534094765266753
120,2026-04-09 01:00:00,8.199999809265137,True,0.13440933147192172,0.1388123965032575
120,2026-04-09 08:00:00,7.699999809265137,True,0.12074050738720848,0.11385822216492658
120,2026-04-10 00:00:00,5.699999809265137,True,0.07950173809989752,0.054839175179326016
120,2026-04-10 08:00:00,7.900000095367432,True,0.09754587871891221,0.05754367110442826
120,2026-04-11 08:00:00,8.199999809265137,True,0.11707081476836517,0.10431524935457115
120,2026-04-12 08:00:00,9.199999809265137,True,0.20088423599477742,0.2869780358903805
120,2026-04-13 08:00:00,7.400000095367432,True,0.1330982414195325,0.12912748384717787
120,2026-04-14 08:00:00,7.199999809265137,True,0.10988389166699658,0.08331569683293161
120,2026-04-27 13:30:00,14.300000190734863,True,0.250942725068634,0.2937361783465018
120,2026-04-27 15:30:00,5.900000095367432,True,0.25218584590342596,0.2970478430421084
120,2026-04-27 20:00:00,1.2000000476837158,True,0.2853265888634818,0.502289524399792
120,2026-04-28 04:00:00,0.5,False,5.974271547725828e-05,0.010000000000000009
120,2026-04-28 08:00:00,0.8999999761581421,False,9.418183977899887e-05,0.010000000000000009
120,2026-04-28 20:00:00,3.4000000953674316,False,8.788878760652756e-05,0.010000000000000009
120,2026-04-29 04:00:00,7.199999809265137,False,0.001241736482245651,0.010000000000000009
120,2026-04-29 08:00:00,8.100000381469727,False,0.03226383152650377,0.011838403134041608
120,2026-04-29 18:00:00,11.5,True,0.17869224640446965,0.15411276045478828
120,2026-04-30 08:00:00,7.0,True,0.07889492426213109,0.06642936464114546
120,2026-04-30 14:00:00,11.5,True,0.16743968069065368,0.15659693616059922
120,2026-04-30 18:00:00,5.099999904632568,True,0.1925682103497028,0.19918800830231131
120,2026-05-01 08:00:00,7.900000095367432,True,0.15205013611597906,0.1137850602082695
120,2026-05-02 08:00:00,7.599999904632568,True,0.07036049448435579,0.04656001307107327
120,2026-05-03 08:00:00,7.699999809265137,True,0.1464257927635299,0.13631601457165565
120,2026-05-04 08:00:00,13.899999618530273,True,0.1234040312570673,0.10897528469141404
120,2026-05-04 12:00:00,20.299999237060547,True,0.25942619280494383,0.4278081595572081
120,2026-05-04 14:30:00,9.5,True,0.10929415193123002,0.12121092797063326
120,2026-05-04 22:01:00,9.699999809265137,True,0.08659940547061112,0.07058266353887566
120,2026-05-05 08:00:00,4.900000095367432,True,0.06725791618789356,0.05064765946428518
120,2026-05-07 07:30:00,7.800000190734863,True,0.17942146398325654,0.15091372741346087
120,2026-05-08 08:00:00,4.0,True,0.23186514388687565,0.32972534674625786
120,2026-05-08 21:50:00,8.399999618530273,True,0.25829559496720533,0.27537597518574986
120,2026-05-09 08:00:00,4.099999904632568,True,0.30929729327262756,0.5550458219490928
120,2026-05-09 16:30:00,3.9000000953674316,True,0.26248108978601853,0.22874769852964605
120,2026-05-09 20:00:00,3.200000047683716,True,0.047976026734335445,0.019017061060991325
120,2026-05-10 08:00:00,6.099999904632568,True,0.022429660025088574,0.01115818574956473
120,2026-05-11 08:00:00,9.0,True,0.044187742368109205,0.019817100883438354
120,2026-05-12 08:00:00,9.899999618530273,True,0.08081788017260742,0.05187449930923438
120,2026-05-12 16:00:00,9.5,True,0.0675056863712909,0.04814490174423702
120,2026-05-13 08:00:00,4.599999904632568,True,0.02088367164828697,0.017109380188132017
120,2026-05-14 01:00:00,6.699999809265137,True,0.015216985636931621,0.010216823615754045
120,2026-05-14 08:00:00,12.0,True,0.14972017227784645,0.13197976135345235
120,2026-05-15 08:00:00,11.899999618530273,True,0.21601591487569227,0.44340555661140413
120,2026-05-15 13:00:00,7.099999904632568,True,0.13080044691000892,0.1662480558522642
120,2026-05-16 08:00:00,9.699999809265137,True,0.1497488346434668,0.12583497595296445
120,2026-05-18 09:00:00,5.0,True,0.43961594874362925,0.5787214494244696
120,2026-05-19 09:30:00,9.0,True,0.07262968684078142,0.03670446075663669
120,2026-05-20 08:00:00,11.0,True,0.15284320826868547,0.17034257509037576
120,2026-05-20 14:30:00,6.0,True,0.19394475040265013,0.32663319489433873
120,2026-05-21 08:00:00,10.0,True,0.19134598593985652,0.1882340524416498
120,2026-05-22 08:00:00,10.899999618530273,True,0.30463372217447915,0.5930971754748857
120,2026-05-22 10:00:00,9.100000381469727,True,0.2764501078999455,0.5459345637778725
120,2026-05-23 07:35:00,10.800000190734863,True,0.2762444841183877,0.5345708662887045
120,2026-05-24 08:00:00,9.5,True,0.12761675488600493,0.14678692205372668
120,2026-05-25 03:00:00,11.300000190734863,True,0.2306160396085639,0.42346617559050526
120,2026-05-25 08:00:00,8.199999809265137,True,0.20764722688884416,0.3345076923435003
120,2026-05-25 12:00:00,10.100000381469727,True,0.32198953899876503,0.6739478597783368
120,2026-05-26 08:00:00,9.399999618530273,True,0.17233354677799065,0.25583445305650565
120,2026-05-27 03:00:00,10.699999809265137,True,0.03705008760852566,0.023981552255799565
120,2026-05-27 08:00:00,6.0,True,0.10622542495276131,0.09686978015114023
120,2026-05-28 08:00:00,8.699999809265137,True,0.2124425579624433,0.2577171323340479
120,2026-05-29 08:00:00,8.100000381469727,True,0.2741275249261595,0.5042225915418797
120,2026-05-30 08:00:00,9.199999809265137,True,0.18178818592215612,0.20279508415202296
120,2026-05-31 08:00:00,9.100000381469727,True,0.20425526392135673,0.3154605562415743
120,2026-06-01 08:00:00,10.0,True,0.1707343786193597,0.198565678901779
120,2026-06-02 08:00:00,8.899999618530273,True,0.14595494983972965,0.1713317601124834
120,2026-06-03 08:00:00,9.300000190734863,True,0.14968821212828473,0.15970083507549615
120,2026-06-03 18:00:00,9.0,True,0.14324139515291145,0.15564927377573123
120,2026-06-04 08:00:00,8.699999809265137,True,0.18396145769770098,0.2557174961929234
120,2026-06-05 08:00:00,8.5,True,0.1740735225390472,0.198419504129408
120,2026-06-06 08:00:00,10.5,True,0.211284395885366,0.3052542568816259
120,2026-06-07 08:00:00,9.399999618530273,True,0.18380531962691388,0.2991005634187489
120,2026-06-07 14:15:00,10.800000190734863,True,0.1925546049643708,0.2950204585257421
120,2026-06-08 08:00:00,9.699999809265137,True,0.18698116623384248,0.3171310554500345
120,2026-06-08 15:00:00,7.599999904632568,True,0.14696419592214402,0.17237783647176863
120,2026-06-08 20:00:00,6.699999809265137,True,0.1354935416441578,0.15314858522915598
120,2026-06-09 08:00:00,5.599999904632568,True,0.25526312883085317,0.3910503437898958
120,2026-06-09 15:00:00,6.800000190734863,True,0.11642749963816969,0.073197362999605
120,2026-06-10 08:00:00,10.399999618530273,True,0.17118188823728464,0.15889235225781873
120,2026-06-10 12:30:00,9.800000190734863,True,0.09050528931317092,0.0559716444129158
120,2026-06-11 08:00:00,9.699999809265137,True,0.2919866607148157,0.5485668713371068
120,2026-06-12 08:00:00,9.699999809265137,True,0.2455314519057218,0.4862863870906773
120,2026-06-13 08:00:00,8.600000381469727,True,0.13824370232906089,0.1564067738226823
120,2026-06-14 08:00:00,9.399999618530273,True,0.16221121356544985,0.18670228516354248
120,2026-06-15 08:00:00,9.800000190734863,True,0.17269588963859822,0.22354907791985923
120,2026-06-16 02:00:00,8.300000190734863,True,0.2383703426418807,0.45481888328582754
120,2026-06-17 07:00:00,2.0999999046325684,True,0.47818687962168716,0.7989762049525129
120,2026-06-17 08:00:00,0.30000001192092896,True,0.05936790834640988,0.03815875900330601
120,2026-06-17 12:00:00,0.10000000149011612,True,0.013472285419181142,0.012107658937571153
120,2026-06-17 20:00:00,2.700000047683716,False,0.0024941451471363904,0.010000000000000009
120,2026-07-02 10:00:00,4.099999904632568,False,0.011911549225645817,0.010000000000000009
120,2026-07-02 18:00:00,1.100000023841858,False,0.06913358862527604,0.010000000000000009
120,2026-07-03 11:00:00,2.299999952316284,False,0.046703740391541536,0.010000000000000009
120,2026-07-03 16:00:00,16.100000381469727,False,0.053180270503158274,0.010000000000000009
120,2026-07-03 19:00:00,13.800000190734863,True,0.06448201673453341,0.03167214527370488
120,2026-07-03 22:00:00,7.099999904632568,True,0.0932447720630575,0.15650553971067527
120,2026-07-04 02:00:00,3.700000047683716,True,0.21985158733684806,0.5563874502295089
120,2026-07-04 08:00:00,3.200000047683716,True,0.13218582402864965,0.017165724587867803
120,2026-07-05 08:00:00,4.800000190734863,True,0.13410740922709236,0.024802688057062094
120,2026-07-06 08:00:00,6.5,True,0.11846576203564455,0.03161625787042055
120,2026-07-07 08:00:00,5.699999809265137,True,0.12276085729000696,0.03796337887903822
120,2026-07-08 08:00:00,5.300000190734863,True,0.034225674856995375,0.018149992390075087
120,2026-07-09 08:00:00,9.600000381469727,True,0.1225921437721921,0.07025044900425226
120,2026-07-10 08:00:00,8.0,True,0.0904946978559816,0.06476414754214355
120,2026-07-11 08:00:00,8.100000381469727,True,0.08724615428348532,0.057284446685005874
120,2026-07-12 08:00:00,11.600000381469727,True,0.0758357850499749,0.048310194298527565
120,2026-07-12 12:00:00,6.800000190734863,True,0.09623094179234117,0.07415359314598546
120,2026-07-13 08:00:00,7.900000095367432,True,0.19160330249161234,0.203778352035615
120,2026-07-14 08:00:00,8.899999618530273,True,0.15014235736141077,0.15157637247498523
120,2026-07-15 08:00:00,10.300000190734863,True,0.15473140561414653,0.16345369068824278
120,2026-07-16 08:00:00,11.0,True,0.15342495123093117,0.1826190890757866
120,2026-07-17 08:00:00,9.100000381469727,True,0.2139373137614502,0.39914827643817463
120,2026-07-18 03:00:00,10.300000190734863,True,0.12382784973757752,0.11942446140790097
120,2026-07-18 08:00:00,12.399999618530273,True,0.20765272845148738,0.3251828943462508
120,2026-07-18 20:00:00,10.399999618530273,True,0.2346511373940198,0.5070910594263967
120,2026-07-19 08:00:00,9.100000381469727,True,0.22215529299166703,0.42614055344108215
120,2026-07-20 08:00:00,10.199999809265137,True,0.2734350369492808,0.5337281392801532
120,2026-07-21 08:00:00,8.100000381469727,True,0.1827572498680853,0.3731785512368234
120,2026-07-23 08:00:00,6.400000095367432,True,0.28872884724127545,0.5358160061592865
120,2026-07-24 08:00:00,8.800000190734863,True,0.24844630717535826,0.3457992957376643
120,2026-07-25 08:00:00,7.400000095367432,True,0.1280023717217852,0.11827848903544269
120,2026-07-26 08:00:00,9.899999618530273,True,0.06065440760028552,0.03504909103455567
120,2026-07-27 08:00:00,10.800000190734863,True,0.18004074862802125,0.2590546767086406
120,2026-07-28 08:00:00,9.300000190734863,True,0.06629191547692584,0.04874671628904437
120,2026-07-29 08:00:00,8.0,True,0.10861449997137036,0.09808932337749321
120,2026-07-30 08:00:00,8.5,True,0.10550254412384659,0.0856741190565874
120,2026-07-31 08:00:00,8.600000381469727,True,0.19018756782801344,0.2750967869625437
120,2026-08-01 08:00:00,8.399999618530273,True,0.16563930411841024,0.19166061516510924
120,2026-08-02 08:00:00,10.600000381469727,True,0.18466608313850325,0.23732972884114079
120,2026-08-03 08:00:00,9.600000381469727,True,0.1940591903663376,0.3228346903774144
120,2026-08-04 08:00:00,8.0,True,0.1547518808583156,0.18190114080825648
120,2026-08-05 08:00:00,7.800000190734863,True,0.1389377850042739,0.13549682778381555
120,2026-08-06 08:00:00,9.300000190734863,True,0.1269255018906773,0.11493348291916128
120,2026-08-07 08:00:00,9.699999809265137,False,0.12426015039783463,0.14378876337857427
120,2026-08-07 11:00:00,8.800000190734863,False,0.16251604764385993,0.2021196877353354
120,2026-08-08 08:00:00,6.699999809265137,False,0.14693555596115523,0.1572871053384416
120,2026-08-09 08:00:00,7.300000190734863,False,0.14316380277292515,0.13028602454149185
180,2026-01-01 07:00:00,8.899999618530273,True,0.1846524100348289,0.28507523148295033
180,2026-01-02 07:00:00,9.100000381469727,True,0.1691588163518448,0.2061547598304614
180,2026-01-03 07:00:00,10.600000381469727,True,0.1833343158041459,0.2707613863541294
180,2026-01-03 11:58:15,8.699999809265137,True,0.18043657298703522,0.25481420154450973
180,2026-01-04 07:00:00,8.100000381469727,True,0.1711929913891299,0.20906476980383726
180,2026-01-04 15:00:00,6.800000190734863,True,0.16694675893825192,0.19543532912202255
180,2026-01-05 07:00:00,7.900000095367432,True,0.14284943863631722,0.10117714697707447
180,2026-01-05 19:00:00,8.600000381469727,True,0.15555677168461013,0.12700972124777798
180,2026-01-06 07:00:00,10.5,True,0.18985491336661714,0.2931201511866187
180,2026-01-06 13:00:00,8.899999618530273,True,0.17779696242457504,0.24681731483070446
180,2026-01-07 07:00:00,7.099999904632568,True,0.17004696722674317,0.20384892687066103
180,2026-01-08 07:00:00,8.199999809265137,True,0.16579403848382374,0.16143695000042702
180,2026-01-09 15:00:00,13.0,False,0.3379403031813427,0.5790670472514738
180,2026-01-09 18:00:00,2.0,True,0.13360690259792676,0.11321944886401225
180,2026-01-10 07:00:00,6.599999904632568,True,0.06633811565792425,0.010000000000000009
180,2026-01-11 07:00:00,8.800000190734863,True,0.14946552176872122,0.11400958556877294
180,2026-01-12 07:00:00,12.0,True,0.16085554827603074,0.21029970503891693
180,2026-01-12 13:00:00,9.800000190734863,True,0.1572914415548345,0.20905891570122115
180,2026-01-13 07:00:00,9.0,True,0.1661702563013416,0.2034309670944887
180,2026-01-13 19:00:00,11.100000381469727,True,0.1639092650507804,0.171640442534723
180,2026-01-14 07:00:00,8.899999618530273,True,0.24792548031294984,0.5606489353151154
180,2026-01-15 07:00:00,9.5,True,0.20557592765707436,0.3688899096944114
180,2026-01-16 07:00:00,9.399999618530273,True,0.21190351930709408,0.39406150691212294
180,2026-01-17 07:00:00,9.899999618530273,True,0.21406950206249603,0.37791855382650075
180,2026-01-18 07:00:00,9.199999809265137,True,0.21692163025343214,0.4211006731373417
180,2026-01-18 11:30:00,9.600000381469727,True,0.22167702821207627,0.4039166069934984
180,2026-01-18 19:00:00,7.099999904632568,True,0.22702033231981528,0.4088689754763595
180,2026-01-19 07:00:00,7.599999904632568,True,0.18909316761527392,0.21182171532258953
180,2026-01-19 14:44:10,7.0,True,0.17173473414331716,0.17162709216843175
180,2026-01-19 19:00:00,9.899999618530273,True,0.1785482444178101,0.19896423486305226
180,2026-01-20 02:30:00,7.099999904632568,True,0.13801827529961133,0.11383409361726315
180,2026-01-20 07:00:00,8.0,True,0.14964377124713896,0.14996949324533504
180,2026-01-21 07:00:00,9.899999618530273,True,0.14916951892515276,0.13322111596565467
180,2026-01-22 07:00:00,9.199999809265137,True,0.1702828092865364,0.24793754083270048
180,2026-01-23 07:00:00,8.5,True,0.18442944760501334,0.29341772395193
180,2026-01-24 07:00:00,9.600000381469727,True,0.16069189058202454,0.20818117391650137
180,2026-01-25 07:00:00,7.400000095367432,True,0.1954165775010378,0.34239622594420194
180,2026-01-26 07:00:00,8.199999809265137,True,0.17327909845367384,0.20558009463380378
180,2026-01-27 07:00:00,8.0,True,0.1666941123159675,0.1932990626612049
180,2026-01-28 07:00:00,7.699999809265137,True,0.16953202560145508,0.20342763402833763
180,2026-01-29 07:00:00,9.0,True,0.1525577314357974,0.1531929737356892
180,2026-01-30 07:00:00,8.5,True,0.16439020381491753,0.19431364611319235
180,2026-01-31 07:00:00,8.699999809265137,True,0.16544572000304228,0.19699425549402227
180,2026-02-01 07:00:00,9.0,True,0.1793445812981187,0.27160326685139424
180,2026-02-02 07:00:00,9.199999809265137,True,0.14691960371890722,0.13449307499204077
180,2026-02-03 07:00:00,8.399999618530273,True,0.15819547719004853,0.17249946276300798
180,2026-02-04 07:00:00,9.800000190734863,True,0.1498679108603128,0.13633101982470675
180,2026-02-05 07:00:00,8.899999618530273,True,0.16919885874892746,0.20538170458721694
180,2026-02-06 07:00:00,6.400000095367432,True,0.17428146522031637,0.20857419787117215
180,2026-02-07 07:00:00,7.0,True,0.19704810718952878,0.23658619015969373
180,2026-02-08 07:00:00,9.899999618530273,True,0.17563906026150444,0.16851955037733246
180,2026-02-09 07:00:00,10.300000190734863,True,0.21985625309892232,0.4209181816341273
180,2026-02-10 07:00:00,9.100000381469727,True,0.2034863095456266,0.3542752470187329
180,2026-02-11 07:00:00,8.699999809265137,True,0.18636408443704963,0.25387662213325146
180,2026-02-12 07:00:00,7.699999809265137,True,0.19343105220752835,0.26811540439941306
180,2026-02-13 07:00:00,8.899999618530273,True,0.17496880628098624,0.2059168977775282
180,2026-02-14 07:00:00,7.699999809265137,True,0.17335360645395087,0.20442009516953252
180,2026-02-15 07:00:00,8.199999809265137,True,0.15991307913444716,0.14756423023181897
180,2026-02-16 07:00:00,7.800000190734863,True,0.16768537410115514,0.19693299455979407
180,2026-02-17 07:00:00,8.0,True,0.1401910695593293,0.10888809064132399
180,2026-02-18 07:00:00,8.800000190734863,True,0.1608340684023134,0.17157316187765248
180,2026-02-19 07:00:00,9.5,True,0.15625897973356195,0.16114916676760926
180,2026-02-20 07:00:00,7.400000095367432,True,0.17597871968385526,0.24667333952060377
180,2026-02-21 07:00:00,7.400000095367432,True,0.1205819518907843,0.06114840286026468
180,2026-02-22 07:00:00,7.800000190734863,True,0.1461184966232409,0.11681817779721515
180,2026-02-23 07:00:00,10.399999618530273,True,0.1488291114082416,0.12594463768244013
180,2026-02-24 07:00:00,8.0,True,0.1648496092832298,0.21456848258046157
180,2026-02-25 07:00:00,9.100000381469727,True,0.16011408957584441,0.16724563561646644
180,2026-02-26 07:00:00,8.699999809265137,True,0.16297227862909072,0.19737476059025294
180,2026-02-27 07:00:00,8.899999618530273,True,0.16613113747458438,0.2016739798321796
180,2026-02-28 07:00:00,8.600000381469727,True,0.18248796677260665,0.24891196031498497
180,2026-03-01 07:00:00,9.899999618530273,True,0.17951174386291774,0.2680291801821272
180,2026-03-02 07:00:00,8.199999809265137,True,0.2047077933804061,0.37733244973151703
180,2026-03-03 07:00:00,10.199999809265137,True,0.14684031358772986,0.12616026732442032
180,2026-03-04 10:30:00,2.700000047683716,False,0.14063413752790477,0.07290141537668637
180,2026-03-04 13:30:00,8.100000381469727,False,0.05968462569206977,0.010921922387839955
180,2026-03-05 07:00:00,6.0,True,0.20678006734188137,0.3613668087800733
180,2026-03-06 07:00:00,8.5,True,0.14597981977303257,0.10791483052302042
180,2026-03-07 07:00:00,8.899999618530273,True,0.1410439071004764,0.11978113174541682
180,2026-03-08 07:00:00,7.599999904632568,True,0.17144341418121367,0.20662397522795972
180,2026-03-09 07:00:00,8.399999618530273,True,0.15779250130622433,0.15353069693627308
180,2026-03-10 07:00:00,8.100000381469727,True,0.15494647517956325,0.15137824929716592
180,2026-03-10 19:00:00,7.300000190734863,True,0.14800193157381075,0.12250584200370229
180,2026-03-11 11:30:00,7.199999809265137,True,0.12996247361631427,0.0858482433617036
180,2026-03-12 07:00:00,8.300000190734863,True,0.13166169877875014,0.08844476328935014
180,2026-03-13 07:00:00,8.800000190734863,True,0.17063062145588068,0.21100446353350588
180,2026-03-14 07:00:00,9.0,True,0.17766637464288917,0.24484879505978618
180,2026-03-15 07:00:00,8.800000190734863,True,0.16996695108370824,0.20851934921628057
180,2026-03-15 12:00:00,9.100000381469727,True,0.1665547390606524,0.2002060255403263
180,2026-03-15 19:00:00,8.5,True,0.17612210087065824,0.23225138146875013
180,2026-03-16 07:00:00,7.599999904632568,True,0.17064281645545065,0.20273173793783084
180,2026-03-16 19:00:00,8.100000381469727,True,0.15801422287838185,0.14158920430361788
180,2026-03-17 07:00:00,12.800000190734863,True,0.17121777420753873,0.1902247107491296
180,2026-03-17 13:00:00,9.600000381469727,True,0.173161118569625,0.1972315366746603
180,2026-03-17 19:00:00,8.699999809265137,True,0.215343194151089,0.43316296476094085
180,2026-03-19 07:00:00,8.5,True,0.17915862585510606,0.24118235662336285
180,2026-03-20 07:00:00,7.400000095367432,True,0.1629140098041842,0.1782510221812994
180,2026-03-21 07:00:00,6.800000190734863,True,0.15552831908209847,0.1250770636414611
180,2026-03-22 07:00:00,8.199999809265137,True,0.12168608764654351,0.05832917137868909
180,2026-03-23 07:00:00,7.699999809265137,True,0.14489860813984584,0.11654917239839324
180,2026-03-24 07:00:00,9.199999809265137,True,0.144380891220573,0.11662612223912716
180,2026-03-25 07:00:00,8.300000190734863,True,0.13731894117963156,0.10838813499533262
180,2026-03-26 07:00:00,7.5,True,0.1468161522962831,0.1197042601161713
180,2026-03-27 07:00:00,7.199999809265137,True,0.15319658545613246,0.12521465441037027
180,2026-03-28 07:00:00,7.800000190734863,True,0.13457264422059984,0.09428236085291097
180,2026-03-29 07:00:00,9.0,True,0.13007928023951704,0.09137141187233999
180,2026-03-30 07:00:00,7.099999904632568,True,0.1419116577552371,0.11525477757765956
180,2026-03-31 07:00:00,7.800000190734863,True,0.14405922696659748,0.11140620640695986
180,2026-04-01 07:00:00,9.899999618530273,True,0.1708279327406644,0.20617713277216243
180,2026-04-02 07:00:00,7.099999904632568,True,0.18417965533334302,0.30178033195550036
180,2026-04-03 07:00:00,9.100000381469727,True,0.1586046304079341,0.1504977551298674
180,2026-04-04 07:00:00,8.800000190734863,True,0.18760137196486118,0.2980457496824769
180,2026-04-04 13:00:00,5.5,True,0.19027262284674312,0.32940109057376576
180,2026-04-05 07:00:00,10.0,True,0.12910557846492077,0.0657414443834643
180,2026-04-06 07:00:00,9.699999809265137,True,0.15858110181109883,0.19019198557462702
180,2026-04-07 07:00:00,8.300000190734863,True,0.17924317166014522,0.26084090366661616
180,2026-04-08 07:00:00,9.399999618530273,True,0.13219870138752465,0.10147584325935688
180,2026-04-09 00:00:00,8.199999809265137,True,0.18753077892848638,0.29170970074753455
180,2026-04-09 07:00:00,7.699999809265137,True,0.15197307260667556,0.12997655484251136
180,2026-04-09 23:00:00,5.699999809265137,True,0.12855605160159433,0.08614816318868435
180,2026-04-10 07:00:00,7.900000095367432,True,0.11287910240124431,0.04677259793516342
180,2026-04-11 07:00:00,8.199999809265137,True,0.13886523862074596,0.10401073231904523
180,2026-04-12 07:00:00,9.199999809265137,True,0.16091103064729184,0.17224982752533025
180,2026-04-13 07:00:00,7.400000095367432,True,0.14970772988634953,0.12958188598171172
180,2026-04-14 07:00:00,7.199999809265137,True,0.1259713297342771,0.0826554997566128
180,2026-04-27 12:30:00,14.300000190734863,True,0.19345131347474329,0.2500362483224132
180,2026-04-27 14:30:00,5.900000095367432,True,0.19531179567311657,0.25383838465098196
180,2026-04-27 19:00:00,1.2000000476837158,True,0.19379495915516548,0.2507519120842757
180,2026-04-28 03:00:00,0.5,False,0.005367698904756499,0.010000000000000009
180,2026-04-28 07:00:00,0.8999999761581421,False,0.005143908196396326,0.010000000000000009
180,2026-04-28 19:00:00,3.4000000953674316,False,0.0015637882043079963,0.010000000000000009
180,2026-04-29 03:00:00,7.199999809265137,False,0.004440596638479287,0.010000000000000009
180,2026-04-29 07:00:00,8.100000381469727,False,0.019056696651692514,0.010000000000000009
180,2026-04-29 17:00:00,11.5,True,0.07751500997193211,0.02205596825571532
180,2026-04-30 07:00:00,7.0,True,0.14373518142645067,0.13574271073612154
180,2026-04-30 13:00:00,11.5,True,0.13386881774119871,0.11560619863870658
180,2026-04-30 17:00:00,5.099999904632568,True,0.1493048688564905,0.1262877390735947
180,2026-05-01 07:00:00,7.900000095367432,True,0.11871374181727765,0.05270289650580662
180,2026-05-02 07:00:00,7.599999904632568,True,0.11817261920096932,0.06026225422068798
180,2026-05-03 07:00:00,7.699999809265137,True,0.14990689969677803,0.12893548282109824
180,2026-05-04 07:00:00,13.899999618530273,True,0.13235480159489282,0.09321453822399695
180,2026-05-04 11:00:00,20.299999237060547,True,0.20190906055086405,0.36739098879280163
180,2026-05-04 13:30:00,9.5,True,0.12175389801844876,0.06384888075251638
180,2026-05-04 21:01:00,9.699999809265137,True,0.14180003523981158,0.11154768603407883
180,2026-05-05 07:00:00,4.900000095367432,True,0.17279301642048506,0.21321918050541944
180,2026-05-07 06:30:00,7.800000190734863,True,0.14431281750725405,0.08877869411307326
180,2026-05-08 07:00:00,4.0,True,0.22717432834309584,0.4478956067904567
180,2026-05-08 20:50:00,8.399999618530273,True,0.1339056236226205,0.06570708646606893
180,2026-05-09 07:00:00,4.099999904632568,True,0.19887297920340072,0.36246614817568223
180,2026-05-09 15:30:00,3.9000000953674316,True,0.0757134758722863,0.016870829875739735
180,2026-05-09 19:00:00,3.200000047683716,True,0.10366088409279231,0.023571241212565264
180,2026-05-10 07:00:00,6.099999904632568,True,0.02967181925594759,0.010000000000000009
180,2026-05-11 07:00:00,9.0,True,0.06850032285667798,0.014952007149289237
180,2026-05-12 07:00:00,9.899999618530273,True,0.0827096813639686,0.027445385203893724
180,2026-05-12 15:00:00,9.5,True,0.10604271677205938,0.054770826625221036
180,2026-05-13 07:00:00,4.599999904632568,True,0.07067885320916187,0.016188124437170104
180,2026-05-14 00:00:00,6.699999809265137,True,0.04996650592549499,0.010000000000000009
180,2026-05-14 07:00:00,12.0,True,0.12217681219217294,0.057515317413183054
180,2026-05-15 07:00:00,11.899999618530273,True,0.20687037205952585,0.42231500673375455
180,2026-05-15 12:00:00,7.099999904632568,True,0.2165416496144333,0.4512220578058005
180,2026-05-16 07:00:00,9.699999809265137,True,0.12845130686351885,0.087380432679667
180,2026-05-18 08:00:00,5.0,True,0.301355559356308,0.5701954514165719
180,2026-05-19 08:30:00,9.0,True,0.1125775381355155,0.04095561259608149
180,2026-05-20 07:00:00,11.0,True,0.20349136014135077,0.3705199826701371
180,2026-05-20 13:30:00,6.0,True,0.21129045204975688,0.40983367134972226
180,2026-05-21 07:00:00,10.0,True,0.16607307263955934,0.1557421489315376
180,2026-05-22 07:00:00,10.899999618530273,True,0.20212258372492065,0.377151851617356
180,2026-05-22 09:00:00,9.100000381469727,True,0.2301599689811521,0.5017837505865567
180,2026-05-23 06:35:00,10.800000190734863,True,0.21444287623597943,0.41286236137614274
180,2026-05-24 07:00:00,9.5,True,0.16832422051453422,0.2131026510158135
180,2026-05-25 02:00:00,11.300000190734863,True,0.20350384000660915,0.3756286318135188
180,2026-05-25 07:00:00,8.199999809265137,True,0.2378376985710083,0.5104860078214439
180,2026-05-25 11:00:00,10.100000381469727,True,0.2102622118107457,0.43282264944808346
180,2026-05-26 07:00:00,9.399999618530273,True,0.21155072235966701,0.414727987251184
180,2026-05-27 02:00:00,10.699999809265137,True,0.06149946920836307,0.012713871570738111
180,2026-05-27 07:00:00,6.0,True,0.2044861282851059,0.36201459923408574
180,2026-05-28 07:00:00,8.699999809265137,True,0.16435561215201067,0.12938860734108037
180,2026-05-29 07:00:00,8.100000381469727,True,0.23180439579486764,0.4924315261982908
180,2026-05-30 07:00:00,9.199999809265137,True,0.1730974905918633,0.20969592058353181
180,2026-05-31 07:00:00,9.100000381469727,True,0.17846889012674216,0.2517264847463372
180,2026-06-01 07:00:00,10.0,True,0.18036703752968533,0.2527771022679681
180,2026-06-02 07:00:00,8.899999618530273,True,0.1898675207033368,0.30479347010868885
180,2026-06-03 07:00:00,9.300000190734863,True,0.17347523699990858,0.22362448903193788
180,2026-06-03 17:00:00,9.0,True,0.20121244359381615,0.3676806149576599
180,2026-06-04 07:00:00,8.699999809265137,True,0.1863170473079733,0.2989277578402636
180,2026-06-05 07:00:00,8.5,True,0.20434718813473912,0.36552317102919096
180,2026-06-06 07:00:00,10.5,True,0.18641245755999336,0.26055966588744073
180,2026-06-07 07:00:00,9.399999618530273,True,0.19842029808699513,0.36409732924667726
180,2026-06-07 13:15:00,10.800000190734863,True,0.17721178258930526,0.2661969960265371
180,2026-06-08 07:00:00,9.699999809265137,True,0.1974675296094891,0.36437983120989925
180,2026-06-08 14:00:00,7.599999904632568,True,0.20027825915659575,0.36149243260652486
180,2026-06-08 19:00:00,6.699999809265137,True,0.19785878354367986,0.3453718821983044
180,2026-06-09 07:00:00,5.599999904632568,True,0.186025370580503,0.24289421292829583
180,2026-06-09 14:00:00,6.800000190734863,True,0.14403419481997884,0.10388377855408826
180,2026-06-10 07:00:00,10.399999618530273,True,0.10664897798093825,0.0439370221874803
180,2026-06-10 11:30:00,9.800000190734863,True,0.10497443706370584,0.04147018270078595
180,2026-06-11 07:00:00,9.699999809265137,True,0.16605491878417683,0.23742743070298744
180,2026-06-12 07:00:00,9.699999809265137,True,0.21167469528854896,0.4177907776079153
180,2026-06-13 07:00:00,8.600000381469727,True,0.189776777157279,0.30119522404307797
180,2026-06-14 07:00:00,9.399999618530273,True,0.18015151789337275,0.242546179725884
180,2026-06-15 07:00:00,9.800000190734863,True,0.181175152184896,0.2546017340237344
180,2026-06-16 01:00:00,8.300000190734863,True,0.2316653994409294,0.4938239857225759
180,2026-06-17 06:00:00,2.0999999046325684,True,0.13241264241573383,0.11663108681374434
180,2026-06-17 07:00:00,0.30000001192092896,True,0.17239745585293625,0.25952843863679365
180,2026-06-17 11:00:00,0.10000000149011612,True,0.09710687694346613,0.032487716058414606
180,2026-06-17 19:00:00,2.700000047683716,False,0.008548763559514914,0.010000000000000009
180,2026-07-02 09:00:00,4.099999904632568,False,0.03273227582401022,0.010456422320783254
180,2026-07-02 17:00:00,1.100000023841858,False,0.07441245442632952,0.010000000000000009
180,2026-07-03 10:00:00,2.299999952316284,False,0.01811952089645294,0.010000000000000009
180,2026-07-03 15:00:00,16.100000381469727,False,0.023523001854868456,0.010000000000000009
180,2026-07-03 18:00:00,13.800000190734863,True,0.026485729159933125,0.010000000000000009
180,2026-07-03 21:00:00,7.099999904632568,True,0.030800457544626608,0.010000000000000009
180,2026-07-04 01:00:00,3.700000047683716,True,0.14972197927781553,0.10413122245828799
180,2026-07-04 07:00:00,3.200000047683716,True,0.18533880599462194,0.047341567394027284
180,2026-07-05 07:00:00,4.800000190734863,True,0.11533938973132399,0.01585794571365562
180,2026-07-06 07:00:00,6.5,True,0.09650667446298294,0.018617421251308164
180,2026-07-07 07:00:00,5.699999809265137,True,0.1004425163012404,0.02632953866463872
180,2026-07-08 07:00:00,5.300000190734863,True,0.07080205936582691,0.015733404904081483
180,2026-07-09 07:00:00,9.600000381469727,True,0.0954995582744207,0.030582436771950716
180,2026-07-10 07:00:00,8.0,True,0.11183179163585391,0.059005044937450624
180,2026-07-11 07:00:00,8.100000381469727,True,0.128367938812208,0.08596698384892976
180,2026-07-12 07:00:00,11.600000381469727,True,0.1795939468005078,0.25317169582380683
180,2026-07-12 11:00:00,6.800000190734863,True,0.16625490191721357,0.19361240081463627
180,2026-07-13 07:00:00,7.900000095367432,True,0.1597279621224387,0.15067851496342433
180,2026-07-14 07:00:00,8.899999618530273,True,0.14602934272938534,0.12376294154913292
180,2026-07-15 07:00:00,10.300000190734863,True,0.14901501938559755,0.15061987733384385
180,2026-07-16 07:00:00,11.0,True,0.2167781223009618,0.4370654372415069
180,2026-07-17 07:00:00,9.100000381469727,True,0.19085958195725775,0.3370740016583603
180,2026-07-18 02:00:00,10.300000190734863,True,0.1479358029275676,0.12931786088541952
180,2026-07-18 07:00:00,12.399999618530273,True,0.17537118387449896,0.2441831931473899
180,2026-07-18 19:00:00,10.399999618530273,True,0.2526470493677264,0.5739041838940446
180,2026-07-19 07:00:00,9.100000381469727,True,0.23761064577866864,0.5196627869782944
180,2026-07-20 07:00:00,10.199999809265137,True,0.2268033189907135,0.45537372930140896
180,2026-07-21 07:00:00,8.100000381469727,True,0.1989126574396274,0.3596370717002414
180,2026-07-23 07:00:00,6.400000095367432,True,0.21617264128233818,0.40184653153855
180,2026-07-24 07:00:00,8.800000190734863,True,0.12465887478693449,0.05905238889605835
180,2026-07-25 07:00:00,7.400000095367432,True,0.15770425685966524,0.15409924614674142
180,2026-07-26 07:00:00,9.899999618530273,True,0.10582233431486451,0.040922479757463326
180,2026-07-27 07:00:00,10.800000190734863,True,0.16729687623515535,0.20831709715433044
180,2026-07-28 07:00:00,9.300000190734863,True,0.1963321953844424,0.3135289744718791
180,2026-07-29 07:00:00,8.0,True,0.1898845211028182,0.2673702945452423
180,2026-07-30 07:00:00,8.5,True,0.15484977702076216,0.13875354416491315
180,2026-07-31 07:00:00,8.600000381469727,True,0.18704046169840424,0.26400830811444975
180,2026-08-01 07:00:00,8.399999618530273,True,0.17426137862786498,0.2362759968627277
180,2026-08-02 07:00:00,10.600000381469727,True,0.16145141192172266,0.17608732320560583
180,2026-08-03 07:00:00,9.600000381469727,True,0.17599967425789906,0.25353434442245937
180,2026-08-04 07:00:00,8.0,True,0.18622329381226807,0.299163497024015
180,2026-08-05 07:00:00,7.800000190734863,True,0.15113363216886422,0.1295331513843574
180,2026-08-06 07:00:00,9.300000190734863,True,0.15766061844368617,0.15238774639407937
180,2026-08-07 07:00:00,9.699999809265137,False,0.197492309300065,0.299496240621128
180,2026-08-07 10:00:00,8.800000190734863,False,0.16869932839234572,0.22018146580641207
180,2026-08-08 07:00:00,6.699999809265137,False,0.16474030508399842,0.1974517993519923
180,2026-08-09 07:00:00,7.300000190734863,False,0.1396700527214121,0.10541247741231852
